date,first,last,addr,city,st,zip,prod_id,prod_desc,unit_price,qty,total
2017-11-01 11:35:00,Unkar Plutt,Doyle,7541 William Street,Cookeville,TN,38505,527,Toolbox,5000,1,5000
2017-11-01 11:35:00,Unkar Plutt,Doyle,7541 William Street,Cookeville,TN,38505,502,Nail,25,1,25
2017-11-01 11:35:00,Unkar Plutt,Doyle,7541 William Street,Cookeville,TN,38505,509,Clamp,299,1,299
2017-11-01 13:48:00,Sun Rit,Mitchell,3010 Sycamore Drive,Los Angeles,CA,90048,515,Wrench,1100,1,1100
2017-11-01 14:35:00,Tc-14,Rodriguez,3572 Franklin Court,Franklin,PA,16323,514,Plane,1099,1,1099
2017-11-01 14:35:00,Tc-14,Rodriguez,3572 Franklin Court,Franklin,PA,16323,517,Pliers,1599,1,1599
2017-11-01 14:35:00,Tc-14,Rodriguez,3572 Franklin Court,Franklin,PA,16323,504,Screw,50,1,50
2017-11-01 14:49:00,Jabba,Adams,1313 5th Street,Lakeland,MI,48143,513,Hammer,827,1,827
2017-11-01 14:49:00,Jabba,Adams,1313 5th Street,Lakeland,MI,48143,528,Ladder,8000,1,8000
2017-11-01 14:49:00,Jabba,Adams,1313 5th Street,Lakeland,MI,48143,519,Monkeywrench,2995,1,2995
2017-11-01 14:49:00,Jabba,Adams,1313 5th Street,Lakeland,MI,48143,524,Axe,2799,1,2799
2017-11-01 14:49:00,Jabba,Adams,1313 5th Street,Lakeland,MI,48143,522,Hacksaw,1998,1,1998
2017-11-02 09:41:00,Orn Free Taa,Burke,896 Lake Street,Tempe,AZ,85283,511,Chisel,499,1,499
2017-11-02 09:41:00,Orn Free Taa,Burke,896 Lake Street,Tempe,AZ,85283,519,Monkeywrench,2995,1,2995
2017-11-02 09:41:00,Orn Free Taa,Burke,896 Lake Street,Tempe,AZ,85283,512,Scraper,799,2,1598
2017-11-02 09:41:00,Orn Free Taa,Burke,896 Lake Street,Tempe,AZ,85283,514,Plane,1099,1,1099
2017-11-02 09:41:00,Orn Free Taa,Burke,896 Lake Street,Tempe,AZ,85283,505,Bolt,100,1,100
2017-11-02 09:41:00,Orn Free Taa,Burke,896 Lake Street,Tempe,AZ,85283,523,Saw,2099,1,2099
2017-11-02 10:59:00,Darth Maul,Wood,1988 Sycamore Drive,Masterson,TX,79058,503,Nut,25,1,25
2017-11-02 10:59:00,Darth Maul,Wood,1988 Sycamore Drive,Masterson,TX,79058,513,Hammer,827,1,827
2017-11-02 10:59:00,Darth Maul,Wood,1988 Sycamore Drive,Masterson,TX,79058,525,Hatchet,3599,1,3599
2017-11-02 10:59:00,Darth Maul,Wood,1988 Sycamore Drive,Masterson,TX,79058,519,Monkeywrench,2995,1,2995
2017-11-02 10:59:00,Darth Maul,Wood,1988 Sycamore Drive,Masterson,TX,79058,507,Paint,1800,1,1800
2017-11-02 10:59:00,Darth Maul,Wood,1988 Sycamore Drive,Masterson,TX,79058,515,Wrench,1100,1,1100
2017-11-02 10:59:00,Darth Maul,Wood,1988 Sycamore Drive,Masterson,TX,79058,524,Axe,2799,2,5598
2017-11-02 13:43:00,Gold Leader,Zhang,9744 Park Avenue,Washington,DC,20202,504,Screw,50,1,50
2017-11-02 13:43:00,Gold Leader,Zhang,9744 Park Avenue,Washington,DC,20202,514,Plane,1099,1,1099
2017-11-02 13:43:00,Gold Leader,Zhang,9744 Park Avenue,Washington,DC,20202,507,Paint,1800,1,1800
2017-11-02 16:01:00,Tc-14,Jennings,4692 2nd Street,Wilmington,DE,19801,528,Ladder,8000,1,8000
2017-11-02 16:01:00,Tc-14,Jennings,4692 2nd Street,Wilmington,DE,19801,524,Axe,2799,1,2799
2017-11-02 17:18:00,Tey How,Benson,3306 Edgewood Road,Hallsboro,NC,28442,505,Bolt,100,1,100
2017-11-02 17:28:00,Orn Free Taa,Woodward,7670 Madison Street,Terreton,ID,83450,506,Sandpaper,300,1,300
2017-11-03 10:22:00,Taun We,Adams,6097 Heather Lane,Douglas,AK,99824,511,Chisel,499,1,499
2017-11-03 10:22:00,Taun We,Adams,6097 Heather Lane,Douglas,AK,99824,526,Wire,3700,1,3700
2017-11-03 10:22:00,Taun We,Adams,6097 Heather Lane,Douglas,AK,99824,514,Plane,1099,1,1099
2017-11-03 11:44:00,Lama Su,Vincent,2114 4th Street,Ivor,VA,23866,508,Bradawl,199,1,199
2017-11-03 11:44:00,Lama Su,Vincent,2114 4th Street,Ivor,VA,23866,506,Sandpaper,300,1,300
2017-11-03 11:44:00,Lama Su,Vincent,2114 4th Street,Ivor,VA,23866,522,Hacksaw,1998,1,1998
2017-11-03 11:44:00,Lama Su,Vincent,2114 4th Street,Ivor,VA,23866,510,Screwdriver,399,1,399
2017-11-03 14:34:00,Gold Leader,Todd,508 Magnolia Court,Memphis,TN,38119,512,Scraper,799,1,799
2017-11-03 14:34:00,Gold Leader,Todd,508 Magnolia Court,Memphis,TN,38119,508,Bradawl,199,1,199
2017-11-03 14:34:00,Gold Leader,Todd,508 Magnolia Court,Memphis,TN,38119,509,Clamp,299,1,299
2017-11-03 14:34:00,Gold Leader,Todd,508 Magnolia Court,Memphis,TN,38119,501,Washer,10,1,10
2017-11-03 14:34:00,Gold Leader,Todd,508 Magnolia Court,Memphis,TN,38119,502,Nail,25,1,25
2017-11-03 14:45:00,Rabe,Mccarthy,2540 Route 44,Union,WA,98592,517,Pliers,1599,1,1599
2017-11-03 15:20:00,Jango Fett,Woodward,3710 Magnolia Court,Greenville,RI,02828,504,Screw,50,1,50
2017-11-03 15:20:00,Jango Fett,Woodward,3710 Magnolia Court,Greenville,RI,02828,505,Bolt,100,1,100
2017-11-03 15:28:00,Plo Koon,Elliott,2172 Park Avenue,Westhampton Beach,NY,11978,527,Toolbox,5000,1,5000
2017-11-03 15:28:00,Plo Koon,Elliott,2172 Park Avenue,Westhampton Beach,NY,11978,523,Saw,2099,1,2099
2017-11-03 15:28:00,Plo Koon,Elliott,2172 Park Avenue,Westhampton Beach,NY,11978,522,Hacksaw,1998,1,1998
2017-11-03 15:28:00,Plo Koon,Elliott,2172 Park Avenue,Westhampton Beach,NY,11978,513,Hammer,827,1,827
2017-11-03 16:59:00,Clone Commander Cody,Benson,8861 Lexington Court,Great Barrington,MA,01230,503,Nut,25,1,25
2017-11-03 16:59:00,Clone Commander Cody,Benson,8861 Lexington Court,Great Barrington,MA,01230,508,Bradawl,199,2,398
2017-11-03 16:59:00,Clone Commander Cody,Benson,8861 Lexington Court,Great Barrington,MA,01230,505,Bolt,100,1,100
2017-11-04 09:34:00,Beru,Gordon,5261 9th Street,Waipahu,HI,96797,523,Saw,2099,1,2099
2017-11-04 09:34:00,Beru,Gordon,5261 9th Street,Waipahu,HI,96797,507,Paint,1800,1,1800
2017-11-04 09:34:00,Beru,Gordon,5261 9th Street,Waipahu,HI,96797,504,Screw,50,1,50
2017-11-04 09:34:00,Beru,Gordon,5261 9th Street,Waipahu,HI,96797,524,Axe,2799,1,2799
2017-11-04 09:34:00,Beru,Gordon,5261 9th Street,Waipahu,HI,96797,517,Pliers,1599,1,1599
2017-11-04 09:34:00,Beru,Gordon,5261 9th Street,Waipahu,HI,96797,513,Hammer,827,1,827
2017-11-04 09:34:00,Beru,Gordon,5261 9th Street,Waipahu,HI,96797,502,Nail,25,1,25
2017-11-04 10:44:00,Obi-Wan,Miller,9760 Edgewood Road,Veedersburg,IN,47987,502,Nail,25,1,25
2017-11-04 10:44:00,Obi-Wan,Miller,9760 Edgewood Road,Veedersburg,IN,47987,504,Screw,50,1,50
2017-11-04 11:54:00,Padme,Todd,9619 Beechwood Drive,Stratford,CT,06615,515,Wrench,1100,1,1100
2017-11-04 11:54:00,Padme,Todd,9619 Beechwood Drive,Stratford,CT,06615,521,Drill,6900,1,6900
2017-11-04 12:12:00,Tc-14,Curtis,4809 Jefferson Court,Hyden,KY,41749,503,Nut,25,1,25
2017-11-04 12:12:00,Tc-14,Curtis,4809 Jefferson Court,Hyden,KY,41749,529,Workbench,30000,1,30000
2017-11-04 12:12:00,Tc-14,Curtis,4809 Jefferson Court,Hyden,KY,41749,522,Hacksaw,1998,1,1998
2017-11-04 12:12:00,Tc-14,Curtis,4809 Jefferson Court,Hyden,KY,41749,516,Mallet,1200,1,1200
2017-11-04 12:12:00,Tc-14,Curtis,4809 Jefferson Court,Hyden,KY,41749,520,Anvil,1620,1,1620
2017-11-04 12:12:00,Tc-14,Curtis,4809 Jefferson Court,Hyden,KY,41749,519,Monkeywrench,2995,1,2995
2017-11-04 12:12:00,Tc-14,Curtis,4809 Jefferson Court,Hyden,KY,41749,518,Level,1698,2,3396
2017-11-04 12:42:00,Tey How,Rodriguez,9164 Madison Street,Brick,NJ,08723,508,Bradawl,199,1,199
2017-11-04 12:42:00,Tey How,Rodriguez,9164 Madison Street,Brick,NJ,08723,513,Hammer,827,1,827
2017-11-04 12:42:00,Tey How,Rodriguez,9164 Madison Street,Brick,NJ,08723,527,Toolbox,5000,1,5000
2017-11-04 14:08:00,Captain Antilles,Garza,1372 9th Street,Lane,SD,57358,508,Bradawl,199,1,199
2017-11-04 14:08:00,Captain Antilles,Garza,1372 9th Street,Lane,SD,57358,509,Clamp,299,1,299
2017-11-04 14:08:00,Captain Antilles,Garza,1372 9th Street,Lane,SD,57358,519,Monkeywrench,2995,1,2995
2017-11-04 14:08:00,Captain Antilles,Garza,1372 9th Street,Lane,SD,57358,523,Saw,2099,1,2099
2017-11-04 14:08:00,Captain Antilles,Garza,1372 9th Street,Lane,SD,57358,513,Hammer,827,1,827
2017-11-04 14:08:00,Captain Antilles,Garza,1372 9th Street,Lane,SD,57358,525,Hatchet,3599,1,3599
2017-11-04 14:08:00,Captain Antilles,Garza,1372 9th Street,Lane,SD,57358,515,Wrench,1100,1,1100
2017-11-04 14:08:00,Captain Antilles,Garza,1372 9th Street,Lane,SD,57358,505,Bolt,100,1,100
2017-11-04 15:02:00,Shmi,Thornton,7013 Beechwood Drive,Saint Johns,AZ,85936,523,Saw,2099,1,2099
2017-11-04 15:02:00,Shmi,Thornton,7013 Beechwood Drive,Saint Johns,AZ,85936,514,Plane,1099,1,1099
2017-11-04 15:02:00,Shmi,Thornton,7013 Beechwood Drive,Saint Johns,AZ,85936,526,Wire,3700,1,3700
2017-11-04 15:02:00,Shmi,Thornton,7013 Beechwood Drive,Saint Johns,AZ,85936,515,Wrench,1100,1,1100
2017-11-04 15:02:00,Shmi,Thornton,7013 Beechwood Drive,Saint Johns,AZ,85936,517,Pliers,1599,1,1599
2017-11-04 15:02:00,Shmi,Thornton,7013 Beechwood Drive,Saint Johns,AZ,85936,506,Sandpaper,300,1,300
2017-11-04 15:02:00,Shmi,Thornton,7013 Beechwood Drive,Saint Johns,AZ,85936,511,Chisel,499,1,499
2017-11-04 15:02:00,Shmi,Thornton,7013 Beechwood Drive,Saint Johns,AZ,85936,505,Bolt,100,2,200
2017-11-04 17:24:00,Motti,Hunt,1919 Smith Street,Hamden,CT,06514,502,Nail,25,1,25
2017-11-04 17:24:00,Motti,Hunt,1919 Smith Street,Hamden,CT,06514,524,Axe,2799,1,2799
2017-11-04 17:24:00,Motti,Hunt,1919 Smith Street,Hamden,CT,06514,517,Pliers,1599,1,1599
2017-11-04 17:32:00,Tey How,Barker,4683 Lexington Court,East Wallingford,VT,05742,510,Screwdriver,399,1,399
2017-11-04 17:32:00,Tey How,Barker,4683 Lexington Court,East Wallingford,VT,05742,527,Toolbox,5000,1,5000
2017-11-04 17:32:00,Tey How,Barker,4683 Lexington Court,East Wallingford,VT,05742,506,Sandpaper,300,1,300
2017-11-04 17:32:00,Tey How,Barker,4683 Lexington Court,East Wallingford,VT,05742,525,Hatchet,3599,1,3599
2017-11-04 17:32:00,Tey How,Barker,4683 Lexington Court,East Wallingford,VT,05742,528,Ladder,8000,1,8000
2017-11-04 17:32:00,Tey How,Barker,4683 Lexington Court,East Wallingford,VT,05742,526,Wire,3700,1,3700
2017-11-04 17:32:00,Tey How,Barker,4683 Lexington Court,East Wallingford,VT,05742,519,Monkeywrench,2995,1,2995
2017-11-05 09:54:00,Tey How,Mcdaniel,7547 Edgewood Road,Callaway,NE,68825,503,Nut,25,1,25
2017-11-05 09:54:00,Tey How,Mcdaniel,7547 Edgewood Road,Callaway,NE,68825,515,Wrench,1100,1,1100
2017-11-05 09:59:00,Bib Fortuna,Zhang,9177 West Avenue,Belen,NM,87002,527,Toolbox,5000,1,5000
2017-11-05 09:59:00,Bib Fortuna,Zhang,9177 West Avenue,Belen,NM,87002,518,Level,1698,1,1698
2017-11-05 09:59:00,Bib Fortuna,Zhang,9177 West Avenue,Belen,NM,87002,513,Hammer,827,1,827
2017-11-05 09:59:00,Bib Fortuna,Zhang,9177 West Avenue,Belen,NM,87002,524,Axe,2799,1,2799
2017-11-05 09:59:00,Bib Fortuna,Zhang,9177 West Avenue,Belen,NM,87002,525,Hatchet,3599,1,3599
2017-11-05 09:59:00,Bib Fortuna,Zhang,9177 West Avenue,Belen,NM,87002,506,Sandpaper,300,1,300
2017-11-05 11:38:00,Piett,Bass,8180 Main Street,Travelers Rest,SC,29690,521,Drill,6900,1,6900
2017-11-05 12:50:00,Senator Ask Aak,Lara,7926 Front Street,Big Lake,TX,76932,521,Drill,6900,1,6900
2017-11-05 12:50:00,Senator Ask Aak,Lara,7926 Front Street,Big Lake,TX,76932,503,Nut,25,1,25
2017-11-05 14:44:00,Taun We,Adams,6097 Heather Lane,Douglas,AK,99824,503,Nut,25,1,25
2017-11-05 14:44:00,Taun We,Adams,6097 Heather Lane,Douglas,AK,99824,510,Screwdriver,399,2,798
2017-11-05 14:44:00,Taun We,Adams,6097 Heather Lane,Douglas,AK,99824,526,Wire,3700,1,3700
2017-11-05 14:44:00,Taun We,Adams,6097 Heather Lane,Douglas,AK,99824,505,Bolt,100,1,100
2017-11-05 14:44:00,Taun We,Adams,6097 Heather Lane,Douglas,AK,99824,502,Nail,25,1,25
2017-11-05 14:52:00,Padme,Le,5873 Briarwood Court,Selden,KS,67757,505,Bolt,100,1,100
2017-11-05 14:52:00,Padme,Le,5873 Briarwood Court,Selden,KS,67757,528,Ladder,8000,1,8000
2017-11-05 14:52:00,Padme,Le,5873 Briarwood Court,Selden,KS,67757,511,Chisel,499,1,499
2017-11-05 15:57:00,Lama Su,Vincent,2049 Route 44,Salome,AZ,85348,520,Anvil,1620,1,1620
2017-11-05 15:57:00,Lama Su,Vincent,2049 Route 44,Salome,AZ,85348,519,Monkeywrench,2995,1,2995
2017-11-05 15:57:00,Lama Su,Vincent,2049 Route 44,Salome,AZ,85348,524,Axe,2799,1,2799
2017-11-05 16:12:00,Clone Commander Cody,Benson,8861 Lexington Court,Great Barrington,MA,01230,501,Washer,10,1,10
2017-11-05 16:12:00,Clone Commander Cody,Benson,8861 Lexington Court,Great Barrington,MA,01230,528,Ladder,8000,1,8000
2017-11-05 16:12:00,Clone Commander Cody,Benson,8861 Lexington Court,Great Barrington,MA,01230,517,Pliers,1599,1,1599
2017-11-05 16:59:00,Gold Leader,Elliott,9326 Sycamore Street,Victor,WV,25938,508,Bradawl,199,1,199
2017-11-06 09:49:00,Senator Ask Aak,Miller,9727 Devonshire Drive,Ridgeland,MS,39157,507,Paint,1800,1,1800
2017-11-06 09:49:00,Senator Ask Aak,Miller,9727 Devonshire Drive,Ridgeland,MS,39157,502,Nail,25,1,25
2017-11-06 09:49:00,Senator Ask Aak,Miller,9727 Devonshire Drive,Ridgeland,MS,39157,529,Workbench,30000,1,30000
2017-11-06 09:49:00,Senator Ask Aak,Miller,9727 Devonshire Drive,Ridgeland,MS,39157,512,Scraper,799,1,799
2017-11-06 09:49:00,Senator Ask Aak,Miller,9727 Devonshire Drive,Ridgeland,MS,39157,505,Bolt,100,1,100
2017-11-06 09:49:00,Senator Ask Aak,Miller,9727 Devonshire Drive,Ridgeland,MS,39157,514,Plane,1099,1,1099
2017-11-06 09:49:00,Senator Ask Aak,Miller,9727 Devonshire Drive,Ridgeland,MS,39157,513,Hammer,827,1,827
2017-11-06 11:04:00,Bib Fortuna,Doyle,3286 Beechwood Drive,Burlington,VT,05401,501,Washer,10,1,10
2017-11-06 11:04:00,Bib Fortuna,Doyle,3286 Beechwood Drive,Burlington,VT,05401,527,Toolbox,5000,1,5000
2017-11-06 11:04:00,Bib Fortuna,Doyle,3286 Beechwood Drive,Burlington,VT,05401,511,Chisel,499,2,998
2017-11-06 11:04:00,Bib Fortuna,Doyle,3286 Beechwood Drive,Burlington,VT,05401,518,Level,1698,1,1698
2017-11-06 11:04:00,Bib Fortuna,Doyle,3286 Beechwood Drive,Burlington,VT,05401,513,Hammer,827,1,827
2017-11-06 11:04:00,Bib Fortuna,Doyle,3286 Beechwood Drive,Burlington,VT,05401,505,Bolt,100,1,100
2017-11-06 11:04:00,Bib Fortuna,Doyle,3286 Beechwood Drive,Burlington,VT,05401,512,Scraper,799,1,799
2017-11-06 11:04:00,Bib Fortuna,Doyle,3286 Beechwood Drive,Burlington,VT,05401,514,Plane,1099,1,1099
2017-11-06 11:59:00,Captain Antilles,Jimenez,1677 2nd Street East,Washington,DC,20551,519,Monkeywrench,2995,1,2995
2017-11-06 11:59:00,Captain Antilles,Jimenez,1677 2nd Street East,Washington,DC,20551,503,Nut,25,1,25
2017-11-06 11:59:00,Captain Antilles,Jimenez,1677 2nd Street East,Washington,DC,20551,527,Toolbox,5000,1,5000
2017-11-06 11:59:00,Captain Antilles,Jimenez,1677 2nd Street East,Washington,DC,20551,511,Chisel,499,1,499
2017-11-06 13:33:00,Fode/Beed,Vincent,8509 Route 44,Joseph,OR,97846,513,Hammer,827,1,827
2017-11-06 13:53:00,Jabba,Jennings,2985 Washington Street,Columbus,OH,43210,511,Chisel,499,1,499
2017-11-06 13:53:00,Jabba,Jennings,2985 Washington Street,Columbus,OH,43210,504,Screw,50,1,50
2017-11-06 13:53:00,Jabba,Jennings,2985 Washington Street,Columbus,OH,43210,502,Nail,25,1,25
2017-11-06 13:53:00,Jabba,Jennings,2985 Washington Street,Columbus,OH,43210,503,Nut,25,1,25
2017-11-06 13:53:00,Jabba,Jennings,2985 Washington Street,Columbus,OH,43210,525,Hatchet,3599,1,3599
2017-11-06 13:53:00,Jabba,Jennings,2985 Washington Street,Columbus,OH,43210,506,Sandpaper,300,1,300
2017-11-06 13:53:00,Jabba,Jennings,2985 Washington Street,Columbus,OH,43210,526,Wire,3700,1,3700
2017-11-06 16:22:00,Obi-Wan,Oneill,7113 Washington Street,Tererro,NM,87573,515,Wrench,1100,1,1100
2017-11-06 17:56:00,Rabe,Hunt,7682 Magnolia Court,Clyde,OH,43410,501,Washer,10,1,10
2017-11-07 10:45:00,Rieekan,Bass,8798 Jackson Avenue,Cotulla,TX,78014,503,Nut,25,1,25
2017-11-07 11:55:00,Taun We,Vincent,2331 Smith Street,Londonderry,VT,05148,526,Wire,3700,1,3700
2017-11-07 11:55:00,Taun We,Vincent,2331 Smith Street,Londonderry,VT,05148,513,Hammer,827,1,827
2017-11-07 11:55:00,Taun We,Vincent,2331 Smith Street,Londonderry,VT,05148,508,Bradawl,199,1,199
2017-11-07 11:55:00,Taun We,Vincent,2331 Smith Street,Londonderry,VT,05148,512,Scraper,799,1,799
2017-11-07 14:03:00,Obi-Wan,Miller,9760 Edgewood Road,Veedersburg,IN,47987,503,Nut,25,1,25
2017-11-07 14:03:00,Obi-Wan,Miller,9760 Edgewood Road,Veedersburg,IN,47987,527,Toolbox,5000,2,10000
2017-11-07 14:03:00,Obi-Wan,Miller,9760 Edgewood Road,Veedersburg,IN,47987,520,Anvil,1620,2,3240
2017-11-07 14:03:00,Obi-Wan,Miller,9760 Edgewood Road,Veedersburg,IN,47987,526,Wire,3700,1,3700
2017-11-07 14:03:00,Obi-Wan,Miller,9760 Edgewood Road,Veedersburg,IN,47987,528,Ladder,8000,1,8000
2017-11-07 14:03:00,Obi-Wan,Miller,9760 Edgewood Road,Veedersburg,IN,47987,509,Clamp,299,2,598
2017-11-07 14:03:00,Obi-Wan,Miller,9760 Edgewood Road,Veedersburg,IN,47987,525,Hatchet,3599,1,3599
2017-11-07 14:03:00,Obi-Wan,Miller,9760 Edgewood Road,Veedersburg,IN,47987,524,Axe,2799,1,2799
2017-11-07 14:03:00,Obi-Wan,Miller,9760 Edgewood Road,Veedersburg,IN,47987,522,Hacksaw,1998,1,1998
2017-11-07 15:44:00,Tey How,Jennings,3672 Inverness Drive,Fort Washakie,WY,82514,524,Axe,2799,1,2799
2017-11-07 15:44:00,Tey How,Jennings,3672 Inverness Drive,Fort Washakie,WY,82514,511,Chisel,499,1,499
2017-11-07 15:44:00,Tey How,Jennings,3672 Inverness Drive,Fort Washakie,WY,82514,525,Hatchet,3599,1,3599
2017-11-07 17:10:00,On Medon,Curtis,1971 Lake Street,Stuart,OK,74570,503,Nut,25,3,75
2017-11-07 17:10:00,On Medon,Curtis,1971 Lake Street,Stuart,OK,74570,514,Plane,1099,1,1099
2017-11-07 17:10:00,On Medon,Curtis,1971 Lake Street,Stuart,OK,74570,501,Washer,10,1,10
2017-11-08 10:08:00,Piett,Bass,8180 Main Street,Travelers Rest,SC,29690,513,Hammer,827,1,827
2017-11-08 10:08:00,Piett,Bass,8180 Main Street,Travelers Rest,SC,29690,510,Screwdriver,399,1,399
2017-11-08 11:05:00,Rabe,Hunt,7682 Magnolia Court,Clyde,OH,43410,521,Drill,6900,1,6900
2017-11-08 13:26:00,Darth Maul,Curtis,8779 Front Street,Weston,NE,68070,516,Mallet,1200,1,1200
2017-11-08 13:26:00,Darth Maul,Curtis,8779 Front Street,Weston,NE,68070,528,Ladder,8000,1,8000
2017-11-08 13:26:00,Darth Maul,Curtis,8779 Front Street,Weston,NE,68070,510,Screwdriver,399,1,399
2017-11-08 13:26:00,Darth Maul,Curtis,8779 Front Street,Weston,NE,68070,520,Anvil,1620,1,1620
2017-11-08 13:26:00,Darth Maul,Curtis,8779 Front Street,Weston,NE,68070,504,Screw,50,1,50
2017-11-08 14:27:00,Motti,Bass,2326 Brookside Drive,Seven Valleys,PA,17360,517,Pliers,1599,1,1599
2017-11-08 14:27:00,Motti,Bass,2326 Brookside Drive,Seven Valleys,PA,17360,520,Anvil,1620,1,1620
2017-11-08 14:27:00,Motti,Bass,2326 Brookside Drive,Seven Valleys,PA,17360,526,Wire,3700,1,3700
2017-11-08 14:27:00,Motti,Bass,2326 Brookside Drive,Seven Valleys,PA,17360,504,Screw,50,1,50
2017-11-08 16:01:00,Rey,Miller,9379 Beechwood Drive,Petersburg,OH,44454,518,Level,1698,1,1698
2017-11-08 16:01:00,Rey,Miller,9379 Beechwood Drive,Petersburg,OH,44454,515,Wrench,1100,2,2200
2017-11-08 16:01:00,Rey,Miller,9379 Beechwood Drive,Petersburg,OH,44454,513,Hammer,827,1,827
2017-11-08 16:01:00,Rey,Miller,9379 Beechwood Drive,Petersburg,OH,44454,508,Bradawl,199,1,199
2017-11-08 16:01:00,Rey,Miller,9379 Beechwood Drive,Petersburg,OH,44454,529,Workbench,30000,1,30000
2017-11-08 16:01:00,Rey,Miller,9379 Beechwood Drive,Petersburg,OH,44454,516,Mallet,1200,1,1200
2017-11-08 16:01:00,Rey,Miller,9379 Beechwood Drive,Petersburg,OH,44454,519,Monkeywrench,2995,1,2995
2017-11-08 16:01:00,Rey,Miller,9379 Beechwood Drive,Petersburg,OH,44454,502,Nail,25,2,50
2017-11-08 16:01:00,Rey,Miller,9379 Beechwood Drive,Petersburg,OH,44454,527,Toolbox,5000,1,5000
2017-11-08 16:01:00,Rey,Miller,9379 Beechwood Drive,Petersburg,OH,44454,525,Hatchet,3599,1,3599
2017-11-08 16:01:00,Rey,Miller,9379 Beechwood Drive,Petersburg,OH,44454,506,Sandpaper,300,1,300
2017-11-08 16:01:00,Rey,Miller,9379 Beechwood Drive,Petersburg,OH,44454,511,Chisel,499,1,499
2017-11-08 16:50:00,Taun We,Miller,4011 Sycamore Drive,Yellow Jacket,CO,81335,521,Drill,6900,1,6900
2017-11-08 16:50:00,Taun We,Miller,4011 Sycamore Drive,Yellow Jacket,CO,81335,519,Monkeywrench,2995,1,2995
2017-11-09 09:40:00,Sun Rit,Burke,8210 9th Street,Waipahu,HI,96797,508,Bradawl,199,1,199
2017-11-09 09:40:00,Sun Rit,Burke,8210 9th Street,Waipahu,HI,96797,518,Level,1698,2,3396
2017-11-09 09:40:00,Sun Rit,Burke,8210 9th Street,Waipahu,HI,96797,526,Wire,3700,1,3700
2017-11-09 16:13:00,Tc-14,Walters,4957 Sycamore Street,Roann,IN,46974,517,Pliers,1599,1,1599
2017-11-09 16:13:00,Tc-14,Walters,4957 Sycamore Street,Roann,IN,46974,521,Drill,6900,2,13800
2017-11-09 16:13:00,Tc-14,Walters,4957 Sycamore Street,Roann,IN,46974,506,Sandpaper,300,1,300
2017-11-09 16:13:00,Tc-14,Walters,4957 Sycamore Street,Roann,IN,46974,502,Nail,25,1,25
2017-11-10 09:51:00,Obi-Wan,Adams,7379 Old York Road,Hunlock Creek,PA,18621,508,Bradawl,199,1,199
2017-11-10 14:40:00,Mace Windu,Pollard,8139 Smith Street,Clines Corners,NM,87070,509,Clamp,299,1,299
2017-11-10 14:40:00,Mace Windu,Pollard,8139 Smith Street,Clines Corners,NM,87070,505,Bolt,100,1,100
2017-11-10 15:51:00,Bala-Tik,Zhang,1559 Lake Avenue,Traver,CA,93673,505,Bolt,100,1,100
2017-11-10 16:24:00,Nute Gunray,Jennings,9525 Route 1,East Orange,NJ,07018,516,Mallet,1200,1,1200
2017-11-10 16:24:00,Nute Gunray,Jennings,9525 Route 1,East Orange,NJ,07018,522,Hacksaw,1998,1,1998
2017-11-10 16:50:00,Darth Maul,Gordon,3869 Franklin Court,Harbeson,DE,19951,506,Sandpaper,300,1,300
2017-11-10 16:50:00,Darth Maul,Gordon,3869 Franklin Court,Harbeson,DE,19951,502,Nail,25,1,25
2017-11-10 16:50:00,Darth Maul,Gordon,3869 Franklin Court,Harbeson,DE,19951,508,Bradawl,199,1,199
2017-11-10 17:29:00,Jabba,Thornton,8523 Hawthorne Lane,Wardsboro,VT,05355,521,Drill,6900,1,6900
2017-11-10 17:29:00,Jabba,Thornton,8523 Hawthorne Lane,Wardsboro,VT,05355,506,Sandpaper,300,1,300
2017-11-10 17:29:00,Jabba,Thornton,8523 Hawthorne Lane,Wardsboro,VT,05355,508,Bradawl,199,1,199
2017-11-10 17:29:00,Jabba,Thornton,8523 Hawthorne Lane,Wardsboro,VT,05355,501,Washer,10,1,10
2017-11-10 17:29:00,Jabba,Thornton,8523 Hawthorne Lane,Wardsboro,VT,05355,516,Mallet,1200,1,1200
2017-11-10 17:29:00,Jabba,Thornton,8523 Hawthorne Lane,Wardsboro,VT,05355,504,Screw,50,1,50
2017-11-11 10:20:00,Bala-Tik,Walker,7413 College Street,Dresher,PA,19025,528,Ladder,8000,1,8000
2017-11-11 10:20:00,Bala-Tik,Walker,7413 College Street,Dresher,PA,19025,518,Level,1698,1,1698
2017-11-11 10:20:00,Bala-Tik,Walker,7413 College Street,Dresher,PA,19025,512,Scraper,799,1,799
2017-11-11 10:20:00,Bala-Tik,Walker,7413 College Street,Dresher,PA,19025,503,Nut,25,1,25
2017-11-11 10:20:00,Bala-Tik,Walker,7413 College Street,Dresher,PA,19025,527,Toolbox,5000,1,5000
2017-11-11 10:20:00,Bala-Tik,Walker,7413 College Street,Dresher,PA,19025,509,Clamp,299,1,299
2017-11-11 10:20:00,Bala-Tik,Walker,7413 College Street,Dresher,PA,19025,523,Saw,2099,1,2099
2017-11-11 13:55:00,Lama Su,Vincent,2114 4th Street,Ivor,VA,23866,514,Plane,1099,1,1099
2017-11-11 13:55:00,Lama Su,Vincent,2114 4th Street,Ivor,VA,23866,524,Axe,2799,1,2799
2017-11-11 13:55:00,Lama Su,Vincent,2114 4th Street,Ivor,VA,23866,513,Hammer,827,1,827
2017-11-11 14:24:00,Unkar Plutt,Doyle,7541 William Street,Cookeville,TN,38505,506,Sandpaper,300,2,600
2017-11-11 14:24:00,Unkar Plutt,Doyle,7541 William Street,Cookeville,TN,38505,502,Nail,25,1,25
2017-11-11 16:16:00,Biggs,Todd,5221 Hawthorne Lane,Wytopitlock,ME,04497,508,Bradawl,199,1,199
2017-11-11 16:16:00,Biggs,Todd,5221 Hawthorne Lane,Wytopitlock,ME,04497,509,Clamp,299,1,299
2017-11-11 16:20:00,Unkar Plutt,Mcbride,9487 Devonshire Drive,East Orange,NJ,07018,507,Paint,1800,2,3600
2017-11-12 13:58:00,Snap,Rivera,7148 Jackson Avenue,Albion,RI,02802,513,Hammer,827,1,827
2017-11-12 13:58:00,Snap,Rivera,7148 Jackson Avenue,Albion,RI,02802,526,Wire,3700,1,3700
2017-11-12 13:58:00,Snap,Rivera,7148 Jackson Avenue,Albion,RI,02802,516,Mallet,1200,1,1200
2017-11-12 13:58:00,Snap,Rivera,7148 Jackson Avenue,Albion,RI,02802,527,Toolbox,5000,1,5000
2017-11-12 16:07:00,Fode/Beed,Francis,9993 Inverness Drive,Conway,NC,27820,518,Level,1698,1,1698
2017-11-12 17:04:00,Snap,Miller,2240 3rd Street,Philipp,MS,38950,513,Hammer,827,1,827
2017-11-12 17:04:00,Snap,Miller,2240 3rd Street,Philipp,MS,38950,516,Mallet,1200,1,1200
2017-11-12 17:04:00,Snap,Miller,2240 3rd Street,Philipp,MS,38950,523,Saw,2099,1,2099
2017-11-12 17:35:00,Mace Windu,Burke,1863 Jackson Avenue,Washington,DC,20593,524,Axe,2799,1,2799
2017-11-13 09:20:00,Rieekan,Bass,8798 Jackson Avenue,Cotulla,TX,78014,517,Pliers,1599,1,1599
2017-11-13 09:20:00,Rieekan,Bass,8798 Jackson Avenue,Cotulla,TX,78014,522,Hacksaw,1998,1,1998
2017-11-13 09:20:00,Rieekan,Bass,8798 Jackson Avenue,Cotulla,TX,78014,514,Plane,1099,1,1099
2017-11-13 09:20:00,Rieekan,Bass,8798 Jackson Avenue,Cotulla,TX,78014,513,Hammer,827,1,827
2017-11-13 10:00:00,Tey How,Mcdaniel,7547 Edgewood Road,Callaway,NE,68825,520,Anvil,1620,1,1620
2017-11-13 10:00:00,Tey How,Mcdaniel,7547 Edgewood Road,Callaway,NE,68825,507,Paint,1800,1,1800
2017-11-13 10:00:00,Tey How,Mcdaniel,7547 Edgewood Road,Callaway,NE,68825,522,Hacksaw,1998,1,1998
2017-11-13 11:39:00,Snap,Jimenez,4890 4th Street,Belgrade,MO,63622,509,Clamp,299,1,299
2017-11-13 11:39:00,Snap,Jimenez,4890 4th Street,Belgrade,MO,63622,524,Axe,2799,1,2799
2017-11-13 11:39:00,Snap,Jimenez,4890 4th Street,Belgrade,MO,63622,528,Ladder,8000,1,8000
2017-11-13 11:42:00,Taun We,Woodward,6912 Strawberry Lane,Erving,MA,01344,507,Paint,1800,1,1800
2017-11-13 12:06:00,Bib Fortuna,Mitchell,8088 Lake Street,Collinston,UT,84306,504,Screw,50,1,50
2017-11-13 12:06:00,Bib Fortuna,Mitchell,8088 Lake Street,Collinston,UT,84306,502,Nail,25,1,25
2017-11-13 12:58:00,Mace Windu,Burke,1863 Jackson Avenue,Washington,DC,20593,504,Screw,50,1,50
2017-11-13 12:58:00,Mace Windu,Burke,1863 Jackson Avenue,Washington,DC,20593,516,Mallet,1200,2,2400
2017-11-13 12:58:00,Mace Windu,Burke,1863 Jackson Avenue,Washington,DC,20593,519,Monkeywrench,2995,1,2995
2017-11-13 12:58:00,Mace Windu,Burke,1863 Jackson Avenue,Washington,DC,20593,525,Hatchet,3599,1,3599
2017-11-13 12:58:00,Mace Windu,Burke,1863 Jackson Avenue,Washington,DC,20593,505,Bolt,100,1,100
2017-11-13 12:58:00,Mace Windu,Burke,1863 Jackson Avenue,Washington,DC,20593,518,Level,1698,2,3396
2017-11-13 12:58:00,Mace Windu,Burke,1863 Jackson Avenue,Washington,DC,20593,524,Axe,2799,1,2799
2017-11-13 16:22:00,Bib Fortuna,Doyle,3286 Beechwood Drive,Burlington,VT,05401,523,Saw,2099,1,2099
2017-11-13 16:22:00,Bib Fortuna,Doyle,3286 Beechwood Drive,Burlington,VT,05401,502,Nail,25,1,25
2017-11-13 16:22:00,Bib Fortuna,Doyle,3286 Beechwood Drive,Burlington,VT,05401,520,Anvil,1620,1,1620
2017-11-13 16:22:00,Bib Fortuna,Doyle,3286 Beechwood Drive,Burlington,VT,05401,512,Scraper,799,1,799
2017-11-13 17:39:00,Piett,Mccarthy,4997 Park Avenue,Patten,ME,04765,507,Paint,1800,2,3600
2017-11-13 17:39:00,Piett,Mccarthy,4997 Park Avenue,Patten,ME,04765,513,Hammer,827,1,827
2017-11-13 17:39:00,Piett,Mccarthy,4997 Park Avenue,Patten,ME,04765,528,Ladder,8000,1,8000
2017-11-14 09:02:00,Gold Leader,Elliott,9326 Sycamore Street,Victor,WV,25938,525,Hatchet,3599,1,3599
2017-11-14 09:02:00,Gold Leader,Elliott,9326 Sycamore Street,Victor,WV,25938,520,Anvil,1620,1,1620
2017-11-14 09:02:00,Gold Leader,Elliott,9326 Sycamore Street,Victor,WV,25938,514,Plane,1099,1,1099
2017-11-14 09:02:00,Gold Leader,Elliott,9326 Sycamore Street,Victor,WV,25938,526,Wire,3700,1,3700
2017-11-14 09:02:00,Gold Leader,Elliott,9326 Sycamore Street,Victor,WV,25938,517,Pliers,1599,1,1599
2017-11-14 09:02:00,Gold Leader,Elliott,9326 Sycamore Street,Victor,WV,25938,506,Sandpaper,300,2,600
2017-11-14 09:02:00,Gold Leader,Elliott,9326 Sycamore Street,Victor,WV,25938,512,Scraper,799,1,799
2017-11-14 13:05:00,Sun Rit,Walker,3828 Brookside Drive,Wales Center,NY,14169,501,Washer,10,1,10
2017-11-14 13:41:00,Sun Rit,Walker,3961 Beechwood Drive,Tonopah,AZ,85354,504,Screw,50,2,100
2017-11-14 13:41:00,Sun Rit,Walker,3961 Beechwood Drive,Tonopah,AZ,85354,524,Axe,2799,1,2799
2017-11-14 13:41:00,Sun Rit,Walker,3961 Beechwood Drive,Tonopah,AZ,85354,516,Mallet,1200,1,1200
2017-11-14 13:41:00,Sun Rit,Walker,3961 Beechwood Drive,Tonopah,AZ,85354,517,Pliers,1599,1,1599
2017-11-14 13:41:00,Sun Rit,Walker,3961 Beechwood Drive,Tonopah,AZ,85354,519,Monkeywrench,2995,1,2995
2017-11-14 13:41:00,Sun Rit,Walker,3961 Beechwood Drive,Tonopah,AZ,85354,509,Clamp,299,1,299
2017-11-14 13:41:00,Sun Rit,Walker,3961 Beechwood Drive,Tonopah,AZ,85354,522,Hacksaw,1998,1,1998
2017-11-14 13:41:00,Sun Rit,Walker,3961 Beechwood Drive,Tonopah,AZ,85354,518,Level,1698,1,1698
2017-11-14 13:41:00,Sun Rit,Walker,3961 Beechwood Drive,Tonopah,AZ,85354,527,Toolbox,5000,1,5000
2017-11-14 13:41:00,Sun Rit,Walker,3961 Beechwood Drive,Tonopah,AZ,85354,501,Washer,10,1,10
2017-11-14 14:44:00,Lieutenant Mitaka,Oneill,7853 Devonshire Drive,Minneapolis,MN,55403,519,Monkeywrench,2995,1,2995
2017-11-14 14:44:00,Lieutenant Mitaka,Oneill,7853 Devonshire Drive,Minneapolis,MN,55403,508,Bradawl,199,1,199
2017-11-14 14:44:00,Lieutenant Mitaka,Oneill,7853 Devonshire Drive,Minneapolis,MN,55403,510,Screwdriver,399,1,399
2017-11-14 15:44:00,Fode/Beed,Le,2866 Devonshire Drive,Carson,WA,98610,505,Bolt,100,1,100
2017-11-14 15:44:00,Fode/Beed,Le,2866 Devonshire Drive,Carson,WA,98610,523,Saw,2099,1,2099
2017-11-14 15:44:00,Fode/Beed,Le,2866 Devonshire Drive,Carson,WA,98610,509,Clamp,299,1,299
2017-11-14 15:44:00,Fode/Beed,Le,2866 Devonshire Drive,Carson,WA,98610,515,Wrench,1100,1,1100
2017-11-14 15:44:00,Fode/Beed,Le,2866 Devonshire Drive,Carson,WA,98610,506,Sandpaper,300,1,300
2017-11-14 15:44:00,Fode/Beed,Le,2866 Devonshire Drive,Carson,WA,98610,504,Screw,50,1,50
2017-11-14 15:44:00,Fode/Beed,Le,2866 Devonshire Drive,Carson,WA,98610,508,Bradawl,199,2,398
2017-11-14 15:44:00,Fode/Beed,Le,2866 Devonshire Drive,Carson,WA,98610,522,Hacksaw,1998,1,1998
2017-11-14 15:44:00,Fode/Beed,Le,2866 Devonshire Drive,Carson,WA,98610,519,Monkeywrench,2995,1,2995
2017-11-14 15:44:00,Fode/Beed,Le,2866 Devonshire Drive,Carson,WA,98610,511,Chisel,499,1,499
2017-11-14 15:44:00,Fode/Beed,Le,2866 Devonshire Drive,Carson,WA,98610,501,Washer,10,1,10
2017-11-14 15:44:00,Fode/Beed,Le,2866 Devonshire Drive,Carson,WA,98610,512,Scraper,799,1,799
2017-11-14 16:28:00,Bala-Tik,Schmidt,3353 Front Street,New Britain,CT,06053,513,Hammer,827,1,827
2017-11-15 09:29:00,Orn Free Taa,Mcbride,7694 9th Street,Monterey,TN,38574,511,Chisel,499,1,499
2017-11-15 09:29:00,Orn Free Taa,Mcbride,7694 9th Street,Monterey,TN,38574,513,Hammer,827,1,827
2017-11-15 12:25:00,Lama Su,Jennings,1963 Old York,Walnut Cove,NC,27052,506,Sandpaper,300,1,300
2017-11-15 12:25:00,Lama Su,Jennings,1963 Old York,Walnut Cove,NC,27052,504,Screw,50,1,50
2017-11-15 14:11:00,Jabba,Walker,9967 Sycamore Drive,Russell,KY,41169,515,Wrench,1100,1,1100
2017-11-15 14:11:00,Jabba,Walker,9967 Sycamore Drive,Russell,KY,41169,528,Ladder,8000,1,8000
2017-11-15 14:24:00,C-3Po,Vincent,1905 Edgewood Road,Dawson,IA,50066,527,Toolbox,5000,1,5000
2017-11-15 14:24:00,C-3Po,Vincent,1905 Edgewood Road,Dawson,IA,50066,504,Screw,50,2,100
2017-11-15 14:24:00,C-3Po,Vincent,1905 Edgewood Road,Dawson,IA,50066,512,Scraper,799,1,799
2017-11-15 14:24:00,C-3Po,Vincent,1905 Edgewood Road,Dawson,IA,50066,516,Mallet,1200,1,1200
2017-11-15 14:24:00,C-3Po,Vincent,1905 Edgewood Road,Dawson,IA,50066,506,Sandpaper,300,1,300
2017-11-15 14:24:00,C-3Po,Vincent,1905 Edgewood Road,Dawson,IA,50066,515,Wrench,1100,1,1100
2017-11-15 14:34:00,Dodonna,Garza,3639 Briarwood Court,Tarzan,TX,79783,506,Sandpaper,300,1,300
2017-11-15 14:34:00,Dodonna,Garza,3639 Briarwood Court,Tarzan,TX,79783,529,Workbench,30000,1,30000
2017-11-15 14:34:00,Dodonna,Garza,3639 Briarwood Court,Tarzan,TX,79783,511,Chisel,499,1,499
2017-11-15 14:34:00,Dodonna,Garza,3639 Briarwood Court,Tarzan,TX,79783,526,Wire,3700,1,3700
2017-11-15 15:05:00,Captain Antilles,Rodriguez,4648 Lake Street,Barton City,MI,48705,510,Screwdriver,399,1,399
2017-11-15 15:05:00,Captain Antilles,Rodriguez,4648 Lake Street,Barton City,MI,48705,518,Level,1698,1,1698
2017-11-15 15:05:00,Captain Antilles,Rodriguez,4648 Lake Street,Barton City,MI,48705,502,Nail,25,1,25
2017-11-15 16:19:00,Rieekan,Jimenez,5165 5th Street,Rockbridge,OH,43149,528,Ladder,8000,1,8000
2017-11-15 16:35:00,Lieutenant Mitaka,Oneill,1110 2nd Street,Kenyon,RI,02836,515,Wrench,1100,1,1100
2017-11-15 16:35:00,Lieutenant Mitaka,Oneill,1110 2nd Street,Kenyon,RI,02836,502,Nail,25,1,25
2017-11-15 16:35:00,Lieutenant Mitaka,Oneill,1110 2nd Street,Kenyon,RI,02836,528,Ladder,8000,3,24000
2017-11-15 16:35:00,Lieutenant Mitaka,Oneill,1110 2nd Street,Kenyon,RI,02836,526,Wire,3700,1,3700
2017-11-15 16:35:00,Lieutenant Mitaka,Oneill,1110 2nd Street,Kenyon,RI,02836,505,Bolt,100,1,100
2017-11-15 16:35:00,Lieutenant Mitaka,Oneill,1110 2nd Street,Kenyon,RI,02836,516,Mallet,1200,1,1200
2017-11-15 16:35:00,Lieutenant Mitaka,Oneill,1110 2nd Street,Kenyon,RI,02836,529,Workbench,30000,1,30000
2017-11-15 16:35:00,Lieutenant Mitaka,Oneill,1110 2nd Street,Kenyon,RI,02836,512,Scraper,799,1,799
2017-11-15 17:27:00,Motti,Thornton,7510 Lexington Court,Arlington,VA,22203,526,Wire,3700,1,3700
2017-11-15 17:27:00,Motti,Thornton,7510 Lexington Court,Arlington,VA,22203,504,Screw,50,1,50
2017-11-16 11:14:00,On Medon,Curtis,2401 Edgewood Road,Baton Rouge,LA,70818,501,Washer,10,1,10
2017-11-16 11:14:00,On Medon,Curtis,2401 Edgewood Road,Baton Rouge,LA,70818,527,Toolbox,5000,1,5000
2017-11-16 11:14:00,On Medon,Curtis,2401 Edgewood Road,Baton Rouge,LA,70818,505,Bolt,100,1,100
2017-11-16 11:14:00,On Medon,Curtis,2401 Edgewood Road,Baton Rouge,LA,70818,524,Axe,2799,1,2799
2017-11-16 11:14:00,On Medon,Curtis,2401 Edgewood Road,Baton Rouge,LA,70818,517,Pliers,1599,1,1599
2017-11-16 11:14:00,On Medon,Curtis,2401 Edgewood Road,Baton Rouge,LA,70818,525,Hatchet,3599,1,3599
2017-11-16 12:36:00,On Medon,Lara,7845 Heather Lane,Magna,UT,84044,516,Mallet,1200,1,1200
2017-11-16 13:09:00,Lama Su,Vincent,2114 4th Street,Ivor,VA,23866,513,Hammer,827,1,827
2017-11-16 13:09:00,Lama Su,Vincent,2114 4th Street,Ivor,VA,23866,507,Paint,1800,1,1800
2017-11-16 13:09:00,Lama Su,Vincent,2114 4th Street,Ivor,VA,23866,501,Washer,10,1,10
2017-11-16 13:09:00,Lama Su,Vincent,2114 4th Street,Ivor,VA,23866,506,Sandpaper,300,1,300
2017-11-16 13:09:00,Lama Su,Vincent,2114 4th Street,Ivor,VA,23866,503,Nut,25,1,25
2017-11-16 15:07:00,On Medon,Hunt,8442 Edgewood Road,Gooding,ID,83330,503,Nut,25,1,25
2017-11-16 15:07:00,On Medon,Hunt,8442 Edgewood Road,Gooding,ID,83330,510,Screwdriver,399,1,399
2017-11-16 15:07:00,Taun We,Woodward,6912 Strawberry Lane,Erving,MA,01344,514,Plane,1099,3,3297
2017-11-16 15:07:00,Taun We,Woodward,6912 Strawberry Lane,Erving,MA,01344,528,Ladder,8000,1,8000
2017-11-16 15:07:00,Taun We,Woodward,6912 Strawberry Lane,Erving,MA,01344,512,Scraper,799,2,1598
2017-11-16 15:07:00,Taun We,Woodward,6912 Strawberry Lane,Erving,MA,01344,524,Axe,2799,1,2799
2017-11-16 15:07:00,Taun We,Woodward,6912 Strawberry Lane,Erving,MA,01344,503,Nut,25,1,25
2017-11-16 15:07:00,Taun We,Woodward,6912 Strawberry Lane,Erving,MA,01344,522,Hacksaw,1998,1,1998
2017-11-16 15:34:00,Snap,Lara,9634 Jefferson Court,Cold Spring,MN,56320,519,Monkeywrench,2995,1,2995
2017-11-16 16:27:00,Bala-Tik,Walker,8497 Washington Street,Greenwood,DE,19950,519,Monkeywrench,2995,1,2995
2017-11-16 16:27:00,Bala-Tik,Walker,8497 Washington Street,Greenwood,DE,19950,513,Hammer,827,1,827
2017-11-17 10:00:00,Padme,Todd,7428 West Avenue,Scotland,IN,47457,525,Hatchet,3599,2,7198
2017-11-17 10:00:00,Padme,Todd,7428 West Avenue,Scotland,IN,47457,515,Wrench,1100,1,1100
2017-11-17 10:00:00,Padme,Todd,7428 West Avenue,Scotland,IN,47457,514,Plane,1099,1,1099
2017-11-17 10:00:00,Padme,Todd,7428 West Avenue,Scotland,IN,47457,513,Hammer,827,1,827
2017-11-17 11:11:00,Sun Rit,Mitchell,3010 Sycamore Drive,Los Angeles,CA,90048,510,Screwdriver,399,1,399
2017-11-17 11:11:00,Sun Rit,Mitchell,3010 Sycamore Drive,Los Angeles,CA,90048,519,Monkeywrench,2995,1,2995
2017-11-17 11:11:00,Sun Rit,Mitchell,3010 Sycamore Drive,Los Angeles,CA,90048,527,Toolbox,5000,1,5000
2017-11-17 11:45:00,Jango Fett,Vincent,8261 Washington Street,Salt Lake City,UT,84103,502,Nail,25,1,25
2017-11-17 11:45:00,Jango Fett,Vincent,8261 Washington Street,Salt Lake City,UT,84103,515,Wrench,1100,1,1100
2017-11-17 11:45:00,Jango Fett,Vincent,8261 Washington Street,Salt Lake City,UT,84103,520,Anvil,1620,1,1620
2017-11-17 11:45:00,Jango Fett,Vincent,8261 Washington Street,Salt Lake City,UT,84103,503,Nut,25,1,25
2017-11-17 11:45:00,Jango Fett,Vincent,8261 Washington Street,Salt Lake City,UT,84103,518,Level,1698,1,1698
2017-11-17 11:45:00,Jango Fett,Vincent,8261 Washington Street,Salt Lake City,UT,84103,523,Saw,2099,1,2099
2017-11-17 11:45:00,Jango Fett,Vincent,8261 Washington Street,Salt Lake City,UT,84103,512,Scraper,799,1,799
2017-11-17 11:45:00,Jango Fett,Vincent,8261 Washington Street,Salt Lake City,UT,84103,522,Hacksaw,1998,1,1998
2017-11-17 11:45:00,Jango Fett,Vincent,8261 Washington Street,Salt Lake City,UT,84103,506,Sandpaper,300,1,300
2017-11-17 14:17:00,Nute Gunray,Le,2553 Inverness Drive,South San Francisco,CA,94080,505,Bolt,100,1,100
2017-11-17 14:17:00,Nute Gunray,Le,2553 Inverness Drive,South San Francisco,CA,94080,529,Workbench,30000,1,30000
2017-11-17 16:33:00,Orn Free Taa,Zhang,6043 Strawberry Lane,Patterson,AR,72123,507,Paint,1800,1,1800
2017-11-17 17:46:00,Plo Koon,Jimenez,6255 Williams Street,Accomac,VA,23301,527,Toolbox,5000,1,5000
2017-11-17 17:46:00,Plo Koon,Jimenez,6255 Williams Street,Accomac,VA,23301,523,Saw,2099,1,2099
2017-11-17 17:46:00,Plo Koon,Jimenez,6255 Williams Street,Accomac,VA,23301,511,Chisel,499,3,1497
2017-11-17 17:46:00,Plo Koon,Jimenez,6255 Williams Street,Accomac,VA,23301,512,Scraper,799,1,799
2017-11-17 17:46:00,Plo Koon,Jimenez,6255 Williams Street,Accomac,VA,23301,520,Anvil,1620,1,1620
2017-11-17 17:46:00,Plo Koon,Jimenez,6255 Williams Street,Accomac,VA,23301,518,Level,1698,1,1698
2017-11-17 17:46:00,Plo Koon,Jimenez,6255 Williams Street,Accomac,VA,23301,513,Hammer,827,1,827
2017-11-18 09:10:00,Tc-14,Barker,5853 Jefferson Court,North Waterboro,ME,04061,525,Hatchet,3599,1,3599
2017-11-18 09:10:00,Tc-14,Barker,5853 Jefferson Court,North Waterboro,ME,04061,509,Clamp,299,1,299
2017-11-18 09:10:00,Tc-14,Barker,5853 Jefferson Court,North Waterboro,ME,04061,507,Paint,1800,1,1800
2017-11-18 10:24:00,Rabe,Thornton,2133 Edgewood Road,Red Lodge,MT,59068,526,Wire,3700,1,3700
2017-11-18 10:24:00,Rabe,Thornton,2133 Edgewood Road,Red Lodge,MT,59068,520,Anvil,1620,3,4860
2017-11-18 10:24:00,Rabe,Thornton,2133 Edgewood Road,Red Lodge,MT,59068,504,Screw,50,1,50
2017-11-18 10:24:00,Rabe,Thornton,2133 Edgewood Road,Red Lodge,MT,59068,527,Toolbox,5000,1,5000
2017-11-18 10:24:00,Rabe,Thornton,2133 Edgewood Road,Red Lodge,MT,59068,506,Sandpaper,300,1,300
2017-11-18 11:32:00,Jobal,Johnston,8751 Beechwood Drive,Slickville,PA,15684,521,Drill,6900,1,6900
2017-11-18 11:32:00,Jobal,Johnston,8751 Beechwood Drive,Slickville,PA,15684,519,Monkeywrench,2995,1,2995
2017-11-18 11:32:00,Jobal,Johnston,8751 Beechwood Drive,Slickville,PA,15684,507,Paint,1800,1,1800
2017-11-18 11:52:00,Snap,Ingram,6563 Jackson Avenue,Judith Gap,MT,59453,521,Drill,6900,1,6900
2017-11-18 11:52:00,Snap,Ingram,6563 Jackson Avenue,Judith Gap,MT,59453,512,Scraper,799,1,799
2017-11-18 11:52:00,Snap,Ingram,6563 Jackson Avenue,Judith Gap,MT,59453,505,Bolt,100,1,100
2017-11-18 11:52:00,Snap,Ingram,6563 Jackson Avenue,Judith Gap,MT,59453,506,Sandpaper,300,1,300
2017-11-18 11:52:00,Snap,Ingram,6563 Jackson Avenue,Judith Gap,MT,59453,520,Anvil,1620,1,1620
2017-11-18 11:52:00,Snap,Ingram,6563 Jackson Avenue,Judith Gap,MT,59453,518,Level,1698,1,1698
2017-11-18 12:55:00,Captain Antilles,Johnston,5491 Strawberry Lane,Pittsburgh,PA,15234,524,Axe,2799,1,2799
2017-11-18 12:55:00,Captain Antilles,Johnston,5491 Strawberry Lane,Pittsburgh,PA,15234,515,Wrench,1100,1,1100
2017-11-18 12:55:00,Captain Antilles,Johnston,5491 Strawberry Lane,Pittsburgh,PA,15234,516,Mallet,1200,1,1200
2017-11-18 12:55:00,Captain Antilles,Johnston,5491 Strawberry Lane,Pittsburgh,PA,15234,526,Wire,3700,2,7400
2017-11-18 12:55:00,Captain Antilles,Johnston,5491 Strawberry Lane,Pittsburgh,PA,15234,511,Chisel,499,1,499
2017-11-18 12:55:00,Captain Antilles,Johnston,5491 Strawberry Lane,Pittsburgh,PA,15234,506,Sandpaper,300,1,300
2017-11-18 12:55:00,Captain Antilles,Johnston,5491 Strawberry Lane,Pittsburgh,PA,15234,509,Clamp,299,1,299
2017-11-18 12:55:00,Captain Antilles,Johnston,5491 Strawberry Lane,Pittsburgh,PA,15234,508,Bradawl,199,1,199
2017-11-18 12:55:00,Captain Antilles,Johnston,5491 Strawberry Lane,Pittsburgh,PA,15234,504,Screw,50,1,50
2017-11-18 15:31:00,Obi-Wan,Miller,9760 Edgewood Road,Veedersburg,IN,47987,505,Bolt,100,1,100
2017-11-18 15:31:00,Obi-Wan,Miller,9760 Edgewood Road,Veedersburg,IN,47987,529,Workbench,30000,1,30000
2017-11-18 15:31:00,Obi-Wan,Miller,9760 Edgewood Road,Veedersburg,IN,47987,522,Hacksaw,1998,2,3996
2017-11-18 15:31:00,Obi-Wan,Miller,9760 Edgewood Road,Veedersburg,IN,47987,514,Plane,1099,1,1099
2017-11-18 15:31:00,Obi-Wan,Miller,9760 Edgewood Road,Veedersburg,IN,47987,518,Level,1698,1,1698
2017-11-18 16:00:00,Captain Antilles,Jimenez,1677 2nd Street East,Washington,DC,20551,513,Hammer,827,1,827
2017-11-18 16:00:00,Captain Antilles,Jimenez,1677 2nd Street East,Washington,DC,20551,502,Nail,25,1,25
2017-11-18 16:00:00,Captain Antilles,Jimenez,1677 2nd Street East,Washington,DC,20551,519,Monkeywrench,2995,1,2995
2017-11-18 16:00:00,Captain Antilles,Jimenez,1677 2nd Street East,Washington,DC,20551,510,Screwdriver,399,1,399
2017-11-18 16:07:00,Gold Leader,Todd,508 Magnolia Court,Memphis,TN,38119,516,Mallet,1200,1,1200
2017-11-18 16:07:00,Gold Leader,Todd,508 Magnolia Court,Memphis,TN,38119,527,Toolbox,5000,1,5000
2017-11-18 16:07:00,Gold Leader,Todd,508 Magnolia Court,Memphis,TN,38119,517,Pliers,1599,1,1599
2017-11-18 17:10:00,Obi-Wan,Mcbride,1037 Strawberry Lane,Kansas City,MO,64127,525,Hatchet,3599,1,3599
2017-11-18 17:10:00,Obi-Wan,Mcbride,1037 Strawberry Lane,Kansas City,MO,64127,510,Screwdriver,399,1,399
2017-11-18 17:10:00,Obi-Wan,Mcbride,1037 Strawberry Lane,Kansas City,MO,64127,521,Drill,6900,1,6900
2017-11-18 17:56:00,Rabe,Hunt,7682 Magnolia Court,Clyde,OH,43410,506,Sandpaper,300,1,300
2017-11-18 17:56:00,Rabe,Hunt,7682 Magnolia Court,Clyde,OH,43410,505,Bolt,100,2,200
2017-11-18 17:56:00,Rabe,Hunt,7682 Magnolia Court,Clyde,OH,43410,515,Wrench,1100,1,1100
2017-11-18 17:56:00,Rabe,Hunt,7682 Magnolia Court,Clyde,OH,43410,527,Toolbox,5000,1,5000
2017-11-18 17:56:00,Rabe,Hunt,7682 Magnolia Court,Clyde,OH,43410,521,Drill,6900,1,6900
2017-11-18 17:56:00,Rabe,Hunt,7682 Magnolia Court,Clyde,OH,43410,522,Hacksaw,1998,1,1998
2017-11-18 17:56:00,Rabe,Hunt,7682 Magnolia Court,Clyde,OH,43410,501,Washer,10,1,10
2017-11-18 17:56:00,Rabe,Hunt,7682 Magnolia Court,Clyde,OH,43410,504,Screw,50,1,50
2017-11-19 09:07:00,Sola,Francis,8313 Main Street,Central Falls,RI,02863,523,Saw,2099,1,2099
2017-11-19 09:07:00,Sola,Francis,8313 Main Street,Central Falls,RI,02863,506,Sandpaper,300,1,300
2017-11-19 09:07:00,Sola,Francis,8313 Main Street,Central Falls,RI,02863,508,Bradawl,199,1,199
2017-11-19 10:06:00,Taun We,Miller,4011 Sycamore Drive,Yellow Jacket,CO,81335,501,Washer,10,1,10
2017-11-19 14:03:00,Biggs,Todd,5221 Hawthorne Lane,Wytopitlock,ME,04497,512,Scraper,799,1,799
2017-11-19 14:03:00,Biggs,Todd,5221 Hawthorne Lane,Wytopitlock,ME,04497,529,Workbench,30000,1,30000
2017-11-19 14:03:00,Biggs,Todd,5221 Hawthorne Lane,Wytopitlock,ME,04497,516,Mallet,1200,1,1200
2017-11-19 14:03:00,Biggs,Todd,5221 Hawthorne Lane,Wytopitlock,ME,04497,515,Wrench,1100,1,1100
2017-11-19 14:03:00,Biggs,Todd,5221 Hawthorne Lane,Wytopitlock,ME,04497,505,Bolt,100,2,200
2017-11-19 14:45:00,Tey How,Benson,3306 Edgewood Road,Hallsboro,NC,28442,527,Toolbox,5000,1,5000
2017-11-19 14:45:00,Tey How,Benson,3306 Edgewood Road,Hallsboro,NC,28442,523,Saw,2099,1,2099
2017-11-19 14:45:00,Tey How,Benson,3306 Edgewood Road,Hallsboro,NC,28442,522,Hacksaw,1998,1,1998
2017-11-19 14:45:00,Tey How,Benson,3306 Edgewood Road,Hallsboro,NC,28442,515,Wrench,1100,1,1100
2017-11-19 17:22:00,Bala-Tik,Benson,3204 Jackson Avenue,Teller,AK,99778,516,Mallet,1200,1,1200
2017-11-19 17:22:00,Bala-Tik,Benson,3204 Jackson Avenue,Teller,AK,99778,524,Axe,2799,1,2799
2017-11-19 17:22:00,Bala-Tik,Benson,3204 Jackson Avenue,Teller,AK,99778,511,Chisel,499,2,998
2017-11-19 17:22:00,Bala-Tik,Benson,3204 Jackson Avenue,Teller,AK,99778,512,Scraper,799,2,1598
2017-11-19 17:22:00,Bala-Tik,Benson,3204 Jackson Avenue,Teller,AK,99778,513,Hammer,827,1,827
2017-11-19 17:22:00,Bala-Tik,Benson,3204 Jackson Avenue,Teller,AK,99778,522,Hacksaw,1998,1,1998
2017-11-19 17:22:00,Bala-Tik,Benson,3204 Jackson Avenue,Teller,AK,99778,509,Clamp,299,1,299
2017-11-19 17:22:00,Bala-Tik,Benson,3204 Jackson Avenue,Teller,AK,99778,508,Bradawl,199,1,199
2017-11-20 10:38:00,Orn Free Taa,Greene,1746 Route 44,Wiggins,CO,80654,512,Scraper,799,1,799
2017-11-20 10:38:00,Orn Free Taa,Greene,1746 Route 44,Wiggins,CO,80654,511,Chisel,499,1,499
2017-11-20 10:38:00,Orn Free Taa,Greene,1746 Route 44,Wiggins,CO,80654,515,Wrench,1100,2,2200
2017-11-20 10:38:00,Orn Free Taa,Greene,1746 Route 44,Wiggins,CO,80654,501,Washer,10,1,10
2017-11-20 10:38:00,Orn Free Taa,Greene,1746 Route 44,Wiggins,CO,80654,520,Anvil,1620,1,1620
2017-11-20 10:38:00,Orn Free Taa,Greene,1746 Route 44,Wiggins,CO,80654,505,Bolt,100,1,100
2017-11-20 10:38:00,Orn Free Taa,Greene,1746 Route 44,Wiggins,CO,80654,504,Screw,50,2,100
2017-11-20 10:38:00,Orn Free Taa,Greene,1746 Route 44,Wiggins,CO,80654,528,Ladder,8000,1,8000
2017-11-20 10:46:00,Motti,Doyle,5749 Old York,Marble Canyon,AZ,86036,509,Clamp,299,1,299
2017-11-20 10:46:00,Motti,Doyle,5749 Old York,Marble Canyon,AZ,86036,521,Drill,6900,1,6900
2017-11-20 10:46:00,Motti,Doyle,5749 Old York,Marble Canyon,AZ,86036,511,Chisel,499,1,499
2017-11-20 10:46:00,Motti,Doyle,5749 Old York,Marble Canyon,AZ,86036,516,Mallet,1200,1,1200
2017-11-20 10:54:00,Senator Ask Aak,Adams,487 Front Street South,Mendota,VA,24270,528,Ladder,8000,1,8000
2017-11-20 10:54:00,Senator Ask Aak,Adams,487 Front Street South,Mendota,VA,24270,510,Screwdriver,399,1,399
2017-11-20 10:54:00,Senator Ask Aak,Adams,487 Front Street South,Mendota,VA,24270,511,Chisel,499,3,1497
2017-11-20 11:03:00,Clone Commander Cody,Francis,6510 Sycamore Street,West Stewartstown,NH,03597,515,Wrench,1100,1,1100
2017-11-20 11:03:00,Clone Commander Cody,Francis,6510 Sycamore Street,West Stewartstown,NH,03597,511,Chisel,499,1,499
2017-11-20 11:11:00,C-3Po,Walker,6648 Canterbury Drive,O Brien,OR,97534,507,Paint,1800,1,1800
2017-11-20 11:11:00,C-3Po,Walker,6648 Canterbury Drive,O Brien,OR,97534,517,Pliers,1599,1,1599
2017-11-20 11:23:00,Shmi,Doyle,4288 Devon Road,Fort Lawn,SC,29714,526,Wire,3700,1,3700
2017-11-20 11:23:00,Shmi,Doyle,4288 Devon Road,Fort Lawn,SC,29714,524,Axe,2799,1,2799
2017-11-20 11:23:00,Shmi,Doyle,4288 Devon Road,Fort Lawn,SC,29714,512,Scraper,799,1,799
2017-11-20 11:23:00,Shmi,Doyle,4288 Devon Road,Fort Lawn,SC,29714,518,Level,1698,1,1698
2017-11-20 11:29:00,Orn Free Taa,Greene,1746 Route 44,Wiggins,CO,80654,522,Hacksaw,1998,1,1998
2017-11-20 11:36:00,Fode/Beed,Le,2866 Devonshire Drive,Carson,WA,98610,514,Plane,1099,1,1099
2017-11-20 11:36:00,Fode/Beed,Le,2866 Devonshire Drive,Carson,WA,98610,509,Clamp,299,2,598
2017-11-20 11:36:00,Fode/Beed,Le,2866 Devonshire Drive,Carson,WA,98610,503,Nut,25,2,50
2017-11-20 11:36:00,Fode/Beed,Le,2866 Devonshire Drive,Carson,WA,98610,526,Wire,3700,1,3700
2017-11-20 11:36:00,Fode/Beed,Le,2866 Devonshire Drive,Carson,WA,98610,522,Hacksaw,1998,1,1998
2017-11-20 11:36:00,Fode/Beed,Le,2866 Devonshire Drive,Carson,WA,98610,513,Hammer,827,1,827
2017-11-20 11:36:00,Fode/Beed,Le,2866 Devonshire Drive,Carson,WA,98610,510,Screwdriver,399,1,399
2017-11-20 11:36:00,Fode/Beed,Le,2866 Devonshire Drive,Carson,WA,98610,518,Level,1698,1,1698
2017-11-20 11:36:00,Fode/Beed,Le,2866 Devonshire Drive,Carson,WA,98610,512,Scraper,799,2,1598
2017-11-20 12:51:00,Dodonna,Francis,8070 Briarwood Court,Buckland,AK,99727,527,Toolbox,5000,1,5000
2017-11-20 12:51:00,Dodonna,Francis,8070 Briarwood Court,Buckland,AK,99727,504,Screw,50,1,50
2017-11-20 12:51:00,Dodonna,Francis,8070 Briarwood Court,Buckland,AK,99727,521,Drill,6900,1,6900
2017-11-20 12:51:00,Dodonna,Francis,8070 Briarwood Court,Buckland,AK,99727,525,Hatchet,3599,1,3599
2017-11-20 12:51:00,Dodonna,Francis,8070 Briarwood Court,Buckland,AK,99727,513,Hammer,827,2,1654
2017-11-20 12:51:00,Dodonna,Francis,8070 Briarwood Court,Buckland,AK,99727,518,Level,1698,1,1698
2017-11-20 12:51:00,Dodonna,Francis,8070 Briarwood Court,Buckland,AK,99727,520,Anvil,1620,1,1620
2017-11-20 17:41:00,Snap,Mcbride,5524 Hawthorne Lane,Donahue,IA,52746,518,Level,1698,2,3396
2017-11-20 17:41:00,Snap,Mcbride,5524 Hawthorne Lane,Donahue,IA,52746,509,Clamp,299,1,299
2017-11-20 17:41:00,Snap,Mcbride,5524 Hawthorne Lane,Donahue,IA,52746,523,Saw,2099,1,2099
2017-11-20 17:41:00,Snap,Mcbride,5524 Hawthorne Lane,Donahue,IA,52746,525,Hatchet,3599,1,3599
2017-11-20 17:41:00,Snap,Mcbride,5524 Hawthorne Lane,Donahue,IA,52746,516,Mallet,1200,1,1200
2017-11-20 17:41:00,Snap,Mcbride,5524 Hawthorne Lane,Donahue,IA,52746,508,Bradawl,199,1,199
2017-11-20 17:41:00,Snap,Mcbride,5524 Hawthorne Lane,Donahue,IA,52746,502,Nail,25,1,25
2017-11-20 17:41:00,Snap,Mcbride,5524 Hawthorne Lane,Donahue,IA,52746,515,Wrench,1100,1,1100
2017-11-20 17:41:00,Snap,Mcbride,5524 Hawthorne Lane,Donahue,IA,52746,511,Chisel,499,1,499
2017-11-20 17:41:00,Snap,Mcbride,5524 Hawthorne Lane,Donahue,IA,52746,519,Monkeywrench,2995,1,2995
2017-11-20 17:41:00,Snap,Mcbride,5524 Hawthorne Lane,Donahue,IA,52746,527,Toolbox,5000,1,5000
2017-11-20 17:41:00,Snap,Mcbride,5524 Hawthorne Lane,Donahue,IA,52746,517,Pliers,1599,1,1599
2017-11-21 09:57:00,Biggs,Greene,1555 Valley Road,Kahului,HI,96732,518,Level,1698,1,1698
2017-11-21 09:57:00,Biggs,Greene,1555 Valley Road,Kahului,HI,96732,514,Plane,1099,1,1099
2017-11-21 10:16:00,Lieutenant Mitaka,Rodriguez,3816 5th Street East,Smiths Grove,KY,42171,510,Screwdriver,399,1,399
2017-11-21 10:21:00,Lieutenant Mitaka,Rodriguez,3816 5th Street East,Smiths Grove,KY,42171,511,Chisel,499,1,499
2017-11-21 10:21:00,Lieutenant Mitaka,Rodriguez,3816 5th Street East,Smiths Grove,KY,42171,517,Pliers,1599,1,1599
2017-11-21 10:21:00,Lieutenant Mitaka,Rodriguez,3816 5th Street East,Smiths Grove,KY,42171,503,Nut,25,1,25
2017-11-21 10:21:00,Lieutenant Mitaka,Rodriguez,3816 5th Street East,Smiths Grove,KY,42171,508,Bradawl,199,1,199
2017-11-21 10:21:00,Lieutenant Mitaka,Rodriguez,3816 5th Street East,Smiths Grove,KY,42171,501,Washer,10,1,10
2017-11-21 10:21:00,Lieutenant Mitaka,Rodriguez,3816 5th Street East,Smiths Grove,KY,42171,509,Clamp,299,1,299
2017-11-21 10:21:00,Taun We,Rivera,5813 Prospect Street,Yeso,NM,88136,513,Hammer,827,1,827
2017-11-21 13:04:00,Clone Commander Cody,Lara,9537 4th Street,Lake Ozark,MO,65049,511,Chisel,499,3,1497
2017-11-21 13:04:00,Clone Commander Cody,Lara,9537 4th Street,Lake Ozark,MO,65049,507,Paint,1800,1,1800
2017-11-21 13:04:00,Clone Commander Cody,Lara,9537 4th Street,Lake Ozark,MO,65049,518,Level,1698,1,1698
2017-11-21 13:04:00,Clone Commander Cody,Lara,9537 4th Street,Lake Ozark,MO,65049,517,Pliers,1599,1,1599
2017-11-21 13:04:00,Clone Commander Cody,Lara,9537 4th Street,Lake Ozark,MO,65049,506,Sandpaper,300,1,300
2017-11-21 13:04:00,Clone Commander Cody,Lara,9537 4th Street,Lake Ozark,MO,65049,525,Hatchet,3599,1,3599
2017-11-21 13:04:00,Clone Commander Cody,Lara,9537 4th Street,Lake Ozark,MO,65049,516,Mallet,1200,1,1200
2017-11-21 13:04:00,Clone Commander Cody,Lara,9537 4th Street,Lake Ozark,MO,65049,528,Ladder,8000,1,8000
2017-11-21 13:04:00,Clone Commander Cody,Lara,9537 4th Street,Lake Ozark,MO,65049,523,Saw,2099,1,2099
2017-11-21 13:04:00,Clone Commander Cody,Lara,9537 4th Street,Lake Ozark,MO,65049,527,Toolbox,5000,1,5000
2017-11-22 10:23:00,Plo Koon,Vincent,6199 Lake Avenue,Valley Ford,CA,94972,509,Clamp,299,3,897
2017-11-22 10:23:00,Plo Koon,Vincent,6199 Lake Avenue,Valley Ford,CA,94972,523,Saw,2099,2,4198
2017-11-22 10:23:00,Plo Koon,Vincent,6199 Lake Avenue,Valley Ford,CA,94972,519,Monkeywrench,2995,1,2995
2017-11-22 10:23:00,Plo Koon,Vincent,6199 Lake Avenue,Valley Ford,CA,94972,515,Wrench,1100,1,1100
2017-11-22 10:23:00,Plo Koon,Vincent,6199 Lake Avenue,Valley Ford,CA,94972,502,Nail,25,1,25
2017-11-22 10:35:00,Fode/Beed,Adams,2420 Sycamore Street,Harper,OR,97906,525,Hatchet,3599,1,3599
2017-11-22 10:35:00,Fode/Beed,Adams,2420 Sycamore Street,Harper,OR,97906,502,Nail,25,1,25
2017-11-22 10:35:00,Fode/Beed,Adams,2420 Sycamore Street,Harper,OR,97906,517,Pliers,1599,1,1599
2017-11-22 10:35:00,Fode/Beed,Adams,2420 Sycamore Street,Harper,OR,97906,511,Chisel,499,1,499
2017-11-22 10:41:00,Beru,Jimenez,1846 Edgewood Road,Raleigh,NC,27605,524,Axe,2799,1,2799
2017-11-22 10:41:00,Beru,Jimenez,1846 Edgewood Road,Raleigh,NC,27605,521,Drill,6900,1,6900
2017-11-22 10:41:00,Beru,Jimenez,1846 Edgewood Road,Raleigh,NC,27605,511,Chisel,499,1,499
2017-11-22 10:41:00,Beru,Jimenez,1846 Edgewood Road,Raleigh,NC,27605,528,Ladder,8000,1,8000
2017-11-22 11:10:00,Taun We,Miller,4011 Sycamore Drive,Yellow Jacket,CO,81335,502,Nail,25,1,25
2017-11-22 11:10:00,Taun We,Miller,4011 Sycamore Drive,Yellow Jacket,CO,81335,509,Clamp,299,1,299
2017-11-22 12:12:00,Sun Rit,Burke,8210 9th Street,Waipahu,HI,96797,519,Monkeywrench,2995,1,2995
2017-11-22 13:08:00,Shmi,Gordon,9637 Heather Lane,Cable,WI,54821,503,Nut,25,1,25
2017-11-22 13:08:00,Shmi,Gordon,9637 Heather Lane,Cable,WI,54821,526,Wire,3700,1,3700
2017-11-22 13:08:00,Shmi,Gordon,9637 Heather Lane,Cable,WI,54821,507,Paint,1800,1,1800
2017-11-22 13:08:00,Shmi,Gordon,9637 Heather Lane,Cable,WI,54821,513,Hammer,827,1,827
2017-11-22 13:08:00,Shmi,Gordon,9637 Heather Lane,Cable,WI,54821,528,Ladder,8000,1,8000
2017-11-22 13:14:00,Darth Maul,Rodriguez,4333 Front Street,Boothbay,ME,04537,506,Sandpaper,300,1,300
2017-11-22 13:14:00,Darth Maul,Rodriguez,4333 Front Street,Boothbay,ME,04537,505,Bolt,100,1,100
2017-11-22 13:14:00,Darth Maul,Rodriguez,4333 Front Street,Boothbay,ME,04537,509,Clamp,299,1,299
2017-11-22 13:54:00,Piett,Ferguson,3652 Front Street,Talmage,UT,84073,527,Toolbox,5000,1,5000
2017-11-22 13:54:00,Piett,Ferguson,3652 Front Street,Talmage,UT,84073,509,Clamp,299,1,299
2017-11-23 10:59:00,C-3Po,Mcdaniel,8717 Pheasant Run,Monument Valley,UT,84536,503,Nut,25,1,25
2017-11-23 11:48:00,Lama Su,Vincent,2049 Route 44,Salome,AZ,85348,523,Saw,2099,1,2099
2017-11-23 15:25:00,Captain Antilles,Jimenez,1677 2nd Street East,Washington,DC,20551,506,Sandpaper,300,1,300
2017-11-23 15:25:00,Captain Antilles,Jimenez,1677 2nd Street East,Washington,DC,20551,508,Bradawl,199,1,199
2017-11-23 15:25:00,Captain Antilles,Jimenez,1677 2nd Street East,Washington,DC,20551,505,Bolt,100,1,100
2017-11-23 16:16:00,Rabe,Rodriguez,5492 Front Street,Flippin,AR,72634,514,Plane,1099,1,1099
2017-11-23 16:16:00,Rabe,Rodriguez,5492 Front Street,Flippin,AR,72634,528,Ladder,8000,1,8000
2017-11-23 16:16:00,Rabe,Rodriguez,5492 Front Street,Flippin,AR,72634,505,Bolt,100,1,100
2017-11-23 17:45:00,On Medon,Hunt,8442 Edgewood Road,Gooding,ID,83330,518,Level,1698,1,1698
2017-11-23 17:45:00,On Medon,Hunt,8442 Edgewood Road,Gooding,ID,83330,528,Ladder,8000,1,8000
2017-11-23 17:45:00,On Medon,Hunt,8442 Edgewood Road,Gooding,ID,83330,503,Nut,25,1,25
2017-11-24 09:14:00,Sola,Mcbride,7761 Jackson Avenue,Lance Creek,WY,82222,506,Sandpaper,300,1,300
2017-11-24 09:14:00,Sola,Mcbride,7761 Jackson Avenue,Lance Creek,WY,82222,523,Saw,2099,1,2099
2017-11-24 09:14:00,Sola,Mcbride,7761 Jackson Avenue,Lance Creek,WY,82222,501,Washer,10,1,10
2017-11-24 09:14:00,Sola,Mcbride,7761 Jackson Avenue,Lance Creek,WY,82222,513,Hammer,827,1,827
2017-11-24 09:14:00,Sola,Mcbride,7761 Jackson Avenue,Lance Creek,WY,82222,526,Wire,3700,1,3700
2017-11-24 10:02:00,Dodonna,Johnston,5917 3rd Street East,Dundee,MI,48131,514,Plane,1099,1,1099
2017-11-24 10:02:00,Dodonna,Johnston,5917 3rd Street East,Dundee,MI,48131,513,Hammer,827,1,827
2017-11-24 10:06:00,Bala-Tik,Lara,4007 Valley Road,Greensboro,NC,27405,506,Sandpaper,300,1,300
2017-11-24 10:06:00,Bala-Tik,Lara,4007 Valley Road,Greensboro,NC,27405,521,Drill,6900,1,6900
2017-11-24 10:06:00,Bala-Tik,Lara,4007 Valley Road,Greensboro,NC,27405,522,Hacksaw,1998,1,1998
2017-11-24 13:45:00,Captain Antilles,Elliott,6294 Heather Lane,San Juan,PR,00913,503,Nut,25,1,25
2017-11-24 13:45:00,Captain Antilles,Elliott,6294 Heather Lane,San Juan,PR,00913,524,Axe,2799,2,5598
2017-11-24 13:45:00,Captain Antilles,Elliott,6294 Heather Lane,San Juan,PR,00913,520,Anvil,1620,1,1620
2017-11-24 13:48:00,Dodonna,Barker,6191 Madison Street,Alexandria,MO,63430,530,Chainsaw,49999,1,49999
2017-11-24 14:15:00,Snap,Miller,2240 3rd Street,Philipp,MS,38950,527,Toolbox,5000,1,5000
2017-11-24 14:15:00,Snap,Miller,2240 3rd Street,Philipp,MS,38950,507,Paint,1800,2,3600
2017-11-24 14:15:00,Snap,Miller,2240 3rd Street,Philipp,MS,38950,506,Sandpaper,300,1,300
2017-11-24 14:15:00,Snap,Miller,2240 3rd Street,Philipp,MS,38950,515,Wrench,1100,1,1100
2017-11-24 15:51:00,Clone Commander Cody,Lara,9537 4th Street,Lake Ozark,MO,65049,509,Clamp,299,1,299
2017-11-24 16:36:00,Unkar Plutt,Todd,8877 College Street,Washington,DC,20551,513,Hammer,827,2,1654
2017-11-24 16:36:00,Unkar Plutt,Todd,8877 College Street,Washington,DC,20551,507,Paint,1800,1,1800
2017-11-24 16:36:00,Unkar Plutt,Todd,8877 College Street,Washington,DC,20551,521,Drill,6900,1,6900
2017-11-24 16:36:00,Unkar Plutt,Todd,8877 College Street,Washington,DC,20551,503,Nut,25,1,25
2017-11-24 16:36:00,Unkar Plutt,Todd,8877 College Street,Washington,DC,20551,505,Bolt,100,1,100
2017-11-24 17:43:00,Sun Rit,Walker,3961 Beechwood Drive,Tonopah,AZ,85354,513,Hammer,827,1,827
2017-11-25 15:57:00,Captain Antilles,Curtis,2327 Prospect Street,Miami,FL,33127,520,Anvil,1620,1,1620
2017-11-25 15:57:00,Captain Antilles,Curtis,2327 Prospect Street,Miami,FL,33127,525,Hatchet,3599,1,3599
2017-11-25 15:57:00,Captain Antilles,Curtis,2327 Prospect Street,Miami,FL,33127,506,Sandpaper,300,1,300
2017-11-25 15:57:00,Captain Antilles,Curtis,2327 Prospect Street,Miami,FL,33127,513,Hammer,827,1,827
2017-11-25 17:25:00,Wedge,Schmidt,8114 Valley Road,Schurz,NV,89427,518,Level,1698,1,1698
2017-11-25 17:25:00,Wedge,Schmidt,8114 Valley Road,Schurz,NV,89427,526,Wire,3700,1,3700
2017-11-25 17:25:00,Wedge,Schmidt,8114 Valley Road,Schurz,NV,89427,511,Chisel,499,1,499
2017-11-25 17:25:00,Wedge,Schmidt,8114 Valley Road,Schurz,NV,89427,514,Plane,1099,1,1099
2017-11-25 17:25:00,Wedge,Schmidt,8114 Valley Road,Schurz,NV,89427,510,Screwdriver,399,1,399
2017-11-25 17:25:00,Wedge,Schmidt,8114 Valley Road,Schurz,NV,89427,523,Saw,2099,2,4198
2017-11-25 17:25:00,Wedge,Schmidt,8114 Valley Road,Schurz,NV,89427,521,Drill,6900,1,6900
2017-11-25 17:25:00,Wedge,Schmidt,8114 Valley Road,Schurz,NV,89427,519,Monkeywrench,2995,1,2995
2017-11-25 17:26:00,Tey How,Mccarthy,5313 9th Street,Memphis,TN,38104,506,Sandpaper,300,1,300
2017-11-25 17:26:00,Tey How,Mccarthy,5313 9th Street,Memphis,TN,38104,505,Bolt,100,2,200
2017-11-25 17:26:00,Tey How,Mccarthy,5313 9th Street,Memphis,TN,38104,509,Clamp,299,2,598
2017-11-25 17:26:00,Tey How,Mccarthy,5313 9th Street,Memphis,TN,38104,510,Screwdriver,399,1,399
2017-11-25 17:26:00,Tey How,Mccarthy,5313 9th Street,Memphis,TN,38104,528,Ladder,8000,1,8000
2017-11-25 17:26:00,Tey How,Mccarthy,5313 9th Street,Memphis,TN,38104,508,Bradawl,199,1,199
2017-11-25 17:45:00,Wedge,Elliott,7110 Strawberry Lane,East Wakefield,NH,03830,517,Pliers,1599,1,1599
2017-11-25 17:45:00,Wedge,Elliott,7110 Strawberry Lane,East Wakefield,NH,03830,505,Bolt,100,1,100
2017-11-25 17:45:00,Wedge,Elliott,7110 Strawberry Lane,East Wakefield,NH,03830,524,Axe,2799,1,2799
2017-11-25 17:45:00,Wedge,Elliott,7110 Strawberry Lane,East Wakefield,NH,03830,527,Toolbox,5000,1,5000
2017-11-25 17:45:00,Wedge,Elliott,7110 Strawberry Lane,East Wakefield,NH,03830,510,Screwdriver,399,1,399
2017-11-26 09:19:00,Darth Maul,Walters,7851 Magnolia Court,Hope,ND,58046,521,Drill,6900,1,6900
2017-11-26 10:18:00,Lieutenant Mitaka,Schmidt,5798 Williams Street,Bolivar,TN,38008,525,Hatchet,3599,1,3599
2017-11-26 10:18:00,Lieutenant Mitaka,Schmidt,5798 Williams Street,Bolivar,TN,38008,506,Sandpaper,300,4,1200
2017-11-26 10:18:00,Lieutenant Mitaka,Schmidt,5798 Williams Street,Bolivar,TN,38008,515,Wrench,1100,3,3300
2017-11-26 10:18:00,Lieutenant Mitaka,Schmidt,5798 Williams Street,Bolivar,TN,38008,520,Anvil,1620,1,1620
2017-11-26 10:18:00,Lieutenant Mitaka,Schmidt,5798 Williams Street,Bolivar,TN,38008,509,Clamp,299,1,299
2017-11-26 10:18:00,Lieutenant Mitaka,Schmidt,5798 Williams Street,Bolivar,TN,38008,518,Level,1698,1,1698
2017-11-26 10:18:00,Lieutenant Mitaka,Schmidt,5798 Williams Street,Bolivar,TN,38008,504,Screw,50,1,50
2017-11-26 10:18:00,Lieutenant Mitaka,Schmidt,5798 Williams Street,Bolivar,TN,38008,501,Washer,10,1,10
2017-11-26 13:30:00,Snap,Garza,9534 9th Street,Strong,ME,04983,513,Hammer,827,1,827
2017-11-26 14:33:00,On Medon,Curtis,1971 Lake Street,Stuart,OK,74570,530,Chainsaw,49999,1,49999
2017-11-27 09:00:00,Rieekan,Alvarez,1387 Route 1,Grand Junction,CO,81505,514,Plane,1099,2,2198
2017-11-27 09:42:00,Piett,Mcbride,9892 West Avenue,Seaside,OR,97138,515,Wrench,1100,3,3300
2017-11-27 09:42:00,Piett,Mcbride,9892 West Avenue,Seaside,OR,97138,511,Chisel,499,1,499
2017-11-27 10:27:00,Unkar Plutt,Benson,3640 Magnolia Court,Bryants Store,KY,40921,528,Ladder,8000,1,8000
2017-11-27 10:27:00,Unkar Plutt,Benson,3640 Magnolia Court,Bryants Store,KY,40921,507,Paint,1800,1,1800
2017-11-27 10:27:00,Unkar Plutt,Benson,3640 Magnolia Court,Bryants Store,KY,40921,501,Washer,10,1,10
2017-11-27 11:47:00,Lama Su,Garza,179 Franklin Court,Wingate,MD,21675,503,Nut,25,1,25
2017-11-27 11:47:00,Lama Su,Garza,179 Franklin Court,Wingate,MD,21675,510,Screwdriver,399,1,399
2017-11-27 11:47:00,Lama Su,Garza,179 Franklin Court,Wingate,MD,21675,528,Ladder,8000,1,8000
2017-11-27 11:47:00,Lama Su,Garza,179 Franklin Court,Wingate,MD,21675,506,Sandpaper,300,1,300
2017-11-27 12:38:00,C-3Po,Le,4801 William Street,Ashley,ND,58413,515,Wrench,1100,1,1100
2017-11-27 12:38:00,C-3Po,Le,4801 William Street,Ashley,ND,58413,506,Sandpaper,300,1,300
2017-11-27 15:15:00,Nute Gunray,Ferguson,7551 Franklin Court,Bartlett,NE,68622,502,Nail,25,1,25
2017-11-27 15:15:00,Nute Gunray,Ferguson,7551 Franklin Court,Bartlett,NE,68622,510,Screwdriver,399,1,399
2017-11-27 15:15:00,Nute Gunray,Ferguson,7551 Franklin Court,Bartlett,NE,68622,513,Hammer,827,1,827
2017-11-27 15:15:00,Nute Gunray,Ferguson,7551 Franklin Court,Bartlett,NE,68622,511,Chisel,499,2,998
2017-11-27 15:15:00,Nute Gunray,Ferguson,7551 Franklin Court,Bartlett,NE,68622,520,Anvil,1620,1,1620
2017-11-27 15:15:00,Nute Gunray,Ferguson,7551 Franklin Court,Bartlett,NE,68622,526,Wire,3700,1,3700
2017-11-27 15:15:00,Nute Gunray,Ferguson,7551 Franklin Court,Bartlett,NE,68622,515,Wrench,1100,1,1100
2017-11-27 15:31:00,Colonel Datoo,Zhang,3165 Lake Street,Central Lake,MI,49622,509,Clamp,299,1,299
2017-11-27 15:31:00,Colonel Datoo,Zhang,3165 Lake Street,Central Lake,MI,49622,522,Hacksaw,1998,1,1998
2017-11-27 15:31:00,Colonel Datoo,Zhang,3165 Lake Street,Central Lake,MI,49622,527,Toolbox,5000,1,5000
2017-11-27 15:31:00,Colonel Datoo,Zhang,3165 Lake Street,Central Lake,MI,49622,512,Scraper,799,1,799
2017-11-27 15:31:00,Colonel Datoo,Zhang,3165 Lake Street,Central Lake,MI,49622,519,Monkeywrench,2995,1,2995
2017-11-27 17:54:00,Lieutenant Mitaka,Oneill,7853 Devonshire Drive,Minneapolis,MN,55403,501,Washer,10,1,10
2017-11-28 09:38:00,C-3Po,Alvarez,3798 Park Avenue,Shepherd,MT,59079,501,Washer,10,1,10
2017-11-28 09:38:00,C-3Po,Alvarez,3798 Park Avenue,Shepherd,MT,59079,502,Nail,25,1,25
2017-11-28 11:14:00,C-3Po,Doyle,8217 Route 44,Port Royal,SC,29935,513,Hammer,827,1,827
2017-11-28 11:14:00,C-3Po,Doyle,8217 Route 44,Port Royal,SC,29935,516,Mallet,1200,2,2400
2017-11-28 11:14:00,C-3Po,Doyle,8217 Route 44,Port Royal,SC,29935,507,Paint,1800,2,3600
2017-11-28 11:14:00,C-3Po,Doyle,8217 Route 44,Port Royal,SC,29935,509,Clamp,299,1,299
2017-11-28 11:14:00,C-3Po,Doyle,8217 Route 44,Port Royal,SC,29935,515,Wrench,1100,1,1100
2017-11-28 11:34:00,Clone Commander Cody,Vincent,1457 Valley Road,Honolulu,HI,96826,521,Drill,6900,1,6900
2017-11-28 11:34:00,Clone Commander Cody,Vincent,1457 Valley Road,Honolulu,HI,96826,502,Nail,25,1,25
2017-11-28 11:34:00,Clone Commander Cody,Vincent,1457 Valley Road,Honolulu,HI,96826,516,Mallet,1200,1,1200
2017-11-28 15:44:00,Lieutenant Mitaka,Schmidt,5798 Williams Street,Bolivar,TN,38008,501,Washer,10,1,10
2017-11-28 16:54:00,Obi-Wan,Oneill,7113 Washington Street,Tererro,NM,87573,517,Pliers,1599,1,1599
2017-11-28 16:54:00,Obi-Wan,Oneill,7113 Washington Street,Tererro,NM,87573,519,Monkeywrench,2995,1,2995
2017-11-28 16:54:00,Obi-Wan,Oneill,7113 Washington Street,Tererro,NM,87573,520,Anvil,1620,1,1620
2017-11-28 16:54:00,Obi-Wan,Oneill,7113 Washington Street,Tererro,NM,87573,526,Wire,3700,1,3700
2017-11-28 16:54:00,Obi-Wan,Oneill,7113 Washington Street,Tererro,NM,87573,512,Scraper,799,2,1598
2017-11-28 16:54:00,Obi-Wan,Oneill,7113 Washington Street,Tererro,NM,87573,515,Wrench,1100,1,1100
2017-11-28 16:54:00,Obi-Wan,Oneill,7113 Washington Street,Tererro,NM,87573,510,Screwdriver,399,1,399
2017-11-28 17:24:00,Fode/Beed,Vincent,8509 Route 44,Joseph,OR,97846,526,Wire,3700,1,3700
2017-11-28 17:24:00,Fode/Beed,Vincent,8509 Route 44,Joseph,OR,97846,515,Wrench,1100,1,1100
2017-11-28 17:36:00,Motti,Jennings,5447 4th Street,Cascade,MD,21719,509,Clamp,299,1,299
2017-11-28 17:36:00,Motti,Jennings,5447 4th Street,Cascade,MD,21719,518,Level,1698,1,1698
2017-11-28 17:36:00,Motti,Jennings,5447 4th Street,Cascade,MD,21719,526,Wire,3700,2,7400
2017-11-28 17:36:00,Motti,Jennings,5447 4th Street,Cascade,MD,21719,503,Nut,25,1,25
2017-11-28 17:36:00,Motti,Jennings,5447 4th Street,Cascade,MD,21719,501,Washer,10,1,10
2017-11-28 17:36:00,Motti,Jennings,5447 4th Street,Cascade,MD,21719,514,Plane,1099,1,1099
2017-11-28 17:36:00,Motti,Jennings,5447 4th Street,Cascade,MD,21719,522,Hacksaw,1998,1,1998
2017-11-28 17:36:00,Motti,Jennings,5447 4th Street,Cascade,MD,21719,523,Saw,2099,1,2099
2017-11-28 17:36:00,Motti,Jennings,5447 4th Street,Cascade,MD,21719,519,Monkeywrench,2995,1,2995
2017-11-28 17:36:00,Motti,Jennings,5447 4th Street,Cascade,MD,21719,521,Drill,6900,1,6900
2017-11-29 09:50:00,Biggs,Todd,5221 Hawthorne Lane,Wytopitlock,ME,04497,510,Screwdriver,399,1,399
2017-11-29 09:50:00,Biggs,Todd,5221 Hawthorne Lane,Wytopitlock,ME,04497,514,Plane,1099,1,1099
2017-11-29 09:50:00,Biggs,Todd,5221 Hawthorne Lane,Wytopitlock,ME,04497,504,Screw,50,1,50
2017-11-29 13:37:00,C-3Po,Walker,6648 Canterbury Drive,O Brien,OR,97534,514,Plane,1099,1,1099
2017-11-29 14:23:00,Bib Fortuna,Walker,6829 2nd Street,New York,NY,10177,521,Drill,6900,1,6900
2017-11-29 14:23:00,Bib Fortuna,Walker,6829 2nd Street,New York,NY,10177,511,Chisel,499,1,499
2017-11-29 14:23:00,Bib Fortuna,Walker,6829 2nd Street,New York,NY,10177,505,Bolt,100,1,100
2017-11-29 14:23:00,Bib Fortuna,Walker,6829 2nd Street,New York,NY,10177,507,Paint,1800,1,1800
2017-11-29 14:32:00,Snap,Mcbride,5524 Hawthorne Lane,Donahue,IA,52746,524,Axe,2799,1,2799
2017-11-29 14:32:00,Snap,Mcbride,5524 Hawthorne Lane,Donahue,IA,52746,525,Hatchet,3599,1,3599
2017-11-29 15:07:00,Beru,Todd,7293 9th Street,Bountiful,UT,84010,515,Wrench,1100,1,1100
2017-11-29 15:07:00,Beru,Todd,7293 9th Street,Bountiful,UT,84010,504,Screw,50,1,50
2017-11-29 17:11:00,Plo Koon,Aguilar,5657 Devon Road,Roslyn,WA,98941,519,Monkeywrench,2995,1,2995
2017-11-29 17:11:00,Plo Koon,Aguilar,5657 Devon Road,Roslyn,WA,98941,504,Screw,50,1,50
2017-11-29 17:11:00,Plo Koon,Aguilar,5657 Devon Road,Roslyn,WA,98941,508,Bradawl,199,1,199
2017-11-29 17:11:00,Plo Koon,Aguilar,5657 Devon Road,Roslyn,WA,98941,522,Hacksaw,1998,1,1998
2017-11-29 17:11:00,Plo Koon,Aguilar,5657 Devon Road,Roslyn,WA,98941,512,Scraper,799,1,799
2017-11-29 17:46:00,Captain Antilles,Garza,1372 9th Street,Lane,SD,57358,512,Scraper,799,1,799
2017-11-29 17:46:00,Captain Antilles,Garza,1372 9th Street,Lane,SD,57358,510,Screwdriver,399,1,399
2017-11-29 17:46:00,Captain Antilles,Garza,1372 9th Street,Lane,SD,57358,526,Wire,3700,1,3700
2017-11-29 17:46:00,Captain Antilles,Garza,1372 9th Street,Lane,SD,57358,502,Nail,25,1,25
2017-11-29 17:46:00,Captain Antilles,Garza,1372 9th Street,Lane,SD,57358,505,Bolt,100,1,100
2017-11-29 17:46:00,Captain Antilles,Garza,1372 9th Street,Lane,SD,57358,508,Bradawl,199,1,199
2017-11-29 17:46:00,Captain Antilles,Garza,1372 9th Street,Lane,SD,57358,524,Axe,2799,1,2799
2017-11-29 17:46:00,Captain Antilles,Garza,1372 9th Street,Lane,SD,57358,513,Hammer,827,1,827
2017-11-29 17:46:00,Captain Antilles,Garza,1372 9th Street,Lane,SD,57358,523,Saw,2099,1,2099
2017-11-29 17:46:00,Captain Antilles,Garza,1372 9th Street,Lane,SD,57358,525,Hatchet,3599,1,3599
2017-11-30 11:33:00,Piett,Johnston,4152 Prospect Street,Beaver,WV,25813,503,Nut,25,1,25
2017-11-30 12:42:00,Tc-14,Alvarez,4109 Pheasant Run,Superior,WY,82945,502,Nail,25,2,50
2017-11-30 12:42:00,Tc-14,Alvarez,4109 Pheasant Run,Superior,WY,82945,503,Nut,25,1,25
2017-11-30 12:42:00,Tc-14,Alvarez,4109 Pheasant Run,Superior,WY,82945,505,Bolt,100,2,200
2017-11-30 12:42:00,Tc-14,Alvarez,4109 Pheasant Run,Superior,WY,82945,527,Toolbox,5000,1,5000
2017-11-30 12:42:00,Tc-14,Alvarez,4109 Pheasant Run,Superior,WY,82945,509,Clamp,299,1,299
2017-11-30 12:42:00,Tc-14,Alvarez,4109 Pheasant Run,Superior,WY,82945,526,Wire,3700,2,7400
2017-11-30 12:42:00,Tc-14,Alvarez,4109 Pheasant Run,Superior,WY,82945,508,Bradawl,199,3,597
2017-11-30 12:42:00,Tc-14,Alvarez,4109 Pheasant Run,Superior,WY,82945,520,Anvil,1620,2,3240
2017-11-30 12:42:00,Tc-14,Alvarez,4109 Pheasant Run,Superior,WY,82945,528,Ladder,8000,2,16000
2017-11-30 12:42:00,Tc-14,Alvarez,4109 Pheasant Run,Superior,WY,82945,521,Drill,6900,2,13800
2017-11-30 12:42:00,Tc-14,Alvarez,4109 Pheasant Run,Superior,WY,82945,510,Screwdriver,399,1,399
2017-11-30 12:42:00,Tc-14,Alvarez,4109 Pheasant Run,Superior,WY,82945,519,Monkeywrench,2995,1,2995
2017-11-30 12:42:00,Tc-14,Alvarez,4109 Pheasant Run,Superior,WY,82945,515,Wrench,1100,3,3300
2017-11-30 12:42:00,Tc-14,Alvarez,4109 Pheasant Run,Superior,WY,82945,513,Hammer,827,1,827
2017-11-30 12:42:00,Tc-14,Alvarez,4109 Pheasant Run,Superior,WY,82945,504,Screw,50,2,100
2017-11-30 12:42:00,Tc-14,Alvarez,4109 Pheasant Run,Superior,WY,82945,517,Pliers,1599,1,1599
2017-11-30 12:42:00,Tc-14,Alvarez,4109 Pheasant Run,Superior,WY,82945,512,Scraper,799,1,799
2017-11-30 12:42:00,Tc-14,Alvarez,4109 Pheasant Run,Superior,WY,82945,523,Saw,2099,1,2099
2017-11-30 12:42:00,Tc-14,Alvarez,4109 Pheasant Run,Superior,WY,82945,507,Paint,1800,1,1800
2017-11-30 13:18:00,Captain Antilles,Elliott,6294 Heather Lane,San Juan,PR,00913,503,Nut,25,1,25
2017-11-30 13:18:00,Captain Antilles,Elliott,6294 Heather Lane,San Juan,PR,00913,505,Bolt,100,1,100
2017-11-30 13:18:00,Captain Antilles,Elliott,6294 Heather Lane,San Juan,PR,00913,501,Washer,10,1,10
2017-11-30 14:56:00,Captain Antilles,Rodriguez,4648 Lake Street,Barton City,MI,48705,505,Bolt,100,1,100
2017-11-30 14:56:00,Captain Antilles,Rodriguez,4648 Lake Street,Barton City,MI,48705,513,Hammer,827,1,827
2017-11-30 14:56:00,Captain Antilles,Rodriguez,4648 Lake Street,Barton City,MI,48705,521,Drill,6900,1,6900
2017-11-30 17:38:00,Bala-Tik,Lara,4007 Valley Road,Greensboro,NC,27405,513,Hammer,827,1,827
2017-11-30 17:38:00,Bala-Tik,Lara,4007 Valley Road,Greensboro,NC,27405,519,Monkeywrench,2995,1,2995
2017-11-30 17:38:00,Bala-Tik,Lara,4007 Valley Road,Greensboro,NC,27405,521,Drill,6900,1,6900
